Timestamp,Metric,Average
2026-07-03T14:12:00+00:00,CPUUtilization,18.938333333333333
2026-07-03T14:17:00+00:00,CPUUtilization,45.00500000000001
2026-07-03T14:22:00+00:00,CPUUtilization,44.80166666666667
2026-07-03T14:27:00+00:00,CPUUtilization,45.32333333333333
2026-07-03T14:32:00+00:00,CPUUtilization,45.114999999999995
2026-07-03T14:37:00+00:00,CPUUtilization,44.99666666666667
2026-07-03T14:42:00+00:00,CPUUtilization,45.12166666666666
2026-07-03T14:47:00+00:00,CPUUtilization,45.15999999999999
2026-07-03T14:52:00+00:00,CPUUtilization,44.901666666666664
2026-07-03T14:57:00+00:00,CPUUtilization,44.52833333333333
2026-07-03T15:02:00+00:00,CPUUtilization,44.69666666666667
2026-07-03T15:07:00+00:00,CPUUtilization,44.593333333333334
2026-07-03T15:12:00+00:00,CPUUtilization,44.80166666666666
2026-07-03T15:17:00+00:00,CPUUtilization,45.24666666666666
2026-07-03T15:22:00+00:00,CPUUtilization,45.023333333333326
2026-07-03T15:27:00+00:00,CPUUtilization,44.97166666666667
2026-07-03T15:32:00+00:00,CPUUtilization,45.025
2026-07-03T15:37:00+00:00,CPUUtilization,44.92999983831204
2026-07-03T15:42:00+00:00,CPUUtilization,44.905
2026-07-03T15:47:00+00:00,CPUUtilization,44.69833333333334
2026-07-03T15:52:00+00:00,CPUUtilization,44.95166666666667
2026-07-03T15:57:00+00:00,CPUUtilization,44.88666666666667
2026-07-03T16:02:00+00:00,CPUUtilization,44.709999999999994
2026-07-03T16:07:00+00:00,CPUUtilization,44.775
2026-07-03T16:12:00+00:00,CPUUtilization,45.028333333333336
2026-07-03T16:17:00+00:00,CPUUtilization,44.825
2026-07-03T16:22:00+00:00,CPUUtilization,45.07
2026-07-03T16:27:00+00:00,CPUUtilization,45.17333183832592
2026-07-03T16:32:00+00:00,CPUUtilization,44.96666666666666
2026-07-03T16:37:00+00:00,CPUUtilization,45.19500000000001
2026-07-03T16:42:00+00:00,CPUUtilization,45.09666666666667
2026-07-03T16:47:00+00:00,CPUUtilization,45.16
2026-07-03T16:52:00+00:00,CPUUtilization,44.69166666666666
2026-07-03T16:57:00+00:00,CPUUtilization,44.989999999999995
2026-07-03T17:02:00+00:00,CPUUtilization,45.08166666666666
2026-07-03T17:07:00+00:00,CPUUtilization,45.36666666666666
2026-07-03T17:12:00+00:00,CPUUtilization,45.40333333333332
2026-07-03T17:17:00+00:00,CPUUtilization,45.34333333333333
2026-07-03T17:22:00+00:00,CPUUtilization,45.19499999999999
2026-07-03T17:27:00+00:00,CPUUtilization,45.68166666666666
2026-07-03T17:32:00+00:00,CPUUtilization,45.745
2026-07-03T17:37:00+00:00,CPUUtilization,45.665000000000006
2026-07-03T17:42:00+00:00,CPUUtilization,45.5
2026-07-03T17:47:00+00:00,CPUUtilization,45.61666666666667
2026-07-03T17:52:00+00:00,CPUUtilization,45.063333333333325
2026-07-03T17:57:00+00:00,CPUUtilization,45.059999999999995
2026-07-03T18:02:00+00:00,CPUUtilization,45.493333333333325
2026-07-03T18:07:00+00:00,CPUUtilization,45.63833200506759
2026-07-03T18:12:00+00:00,CPUUtilization,45.815
2026-07-03T18:17:00+00:00,CPUUtilization,45.55166666666666
2026-07-03T18:22:00+00:00,CPUUtilization,45.31166666666667
2026-07-03T18:27:00+00:00,CPUUtilization,45.55
2026-07-03T18:32:00+00:00,CPUUtilization,45.656666666666666
2026-07-03T18:37:00+00:00,CPUUtilization,45.24666666666667
2026-07-03T18:42:00+00:00,CPUUtilization,44.766666666666666
2026-07-03T18:47:00+00:00,CPUUtilization,45.13666666666666
2026-07-03T18:52:00+00:00,CPUUtilization,45.31666666666666
2026-07-03T18:57:00+00:00,CPUUtilization,45.44166666666666
2026-07-03T19:02:00+00:00,CPUUtilization,45.406666666666666
2026-07-03T19:07:00+00:00,CPUUtilization,45.361666666666665
2026-07-03T19:12:00+00:00,CPUUtilization,45.56833333333333
2026-07-03T19:17:00+00:00,CPUUtilization,45.28333333333334
2026-07-03T19:22:00+00:00,CPUUtilization,45.523333333333326
2026-07-03T19:27:00+00:00,CPUUtilization,45.410000000000004
2026-07-03T19:32:00+00:00,CPUUtilization,45.48333333333333
2026-07-03T19:37:00+00:00,CPUUtilization,45.46333333333333
2026-07-03T19:42:00+00:00,CPUUtilization,45.563333333333325
2026-07-03T19:47:00+00:00,CPUUtilization,45.394999999999996
2026-07-03T19:52:00+00:00,CPUUtilization,45.181666666666665
2026-07-03T19:57:00+00:00,CPUUtilization,45.506666666666675
2026-07-03T20:02:00+00:00,CPUUtilization,45.31000219948565
2026-07-03T20:07:00+00:00,CPUUtilization,45.151666666666664
2026-07-03T20:12:00+00:00,CPUUtilization,45.21333333333333
2026-07-03T20:17:00+00:00,CPUUtilization,45.15833333333334
2026-07-03T20:22:00+00:00,CPUUtilization,45.24333333333333
2026-07-03T20:27:00+00:00,CPUUtilization,45.50833333333334
2026-07-03T20:32:00+00:00,CPUUtilization,45.325
2026-07-03T20:37:00+00:00,CPUUtilization,45.44
2026-07-03T20:42:00+00:00,CPUUtilization,45.205
2026-07-03T20:47:00+00:00,CPUUtilization,44.995
2026-07-03T20:52:00+00:00,CPUUtilization,45.108333333333334
2026-07-03T20:57:00+00:00,CPUUtilization,45.145
2026-07-03T21:02:00+00:00,CPUUtilization,44.96
2026-07-03T21:07:00+00:00,CPUUtilization,45.095
2026-07-03T21:12:00+00:00,CPUUtilization,45.46
2026-07-03T21:17:00+00:00,CPUUtilization,45.34166666666666
2026-07-03T21:22:00+00:00,CPUUtilization,45.42833333333333
2026-07-03T21:27:00+00:00,CPUUtilization,45.388333333333335
2026-07-03T21:32:00+00:00,CPUUtilization,45.375
2026-07-03T21:37:00+00:00,CPUUtilization,45.07166666666667
2026-07-03T21:42:00+00:00,CPUUtilization,45.364999999999995
2026-07-03T21:47:00+00:00,CPUUtilization,45.33
2026-07-03T21:52:00+00:00,CPUUtilization,45.181666666666665
2026-07-03T21:57:00+00:00,CPUUtilization,45.17833333333333
2026-07-03T22:02:00+00:00,CPUUtilization,45.24666666666667
2026-07-03T22:07:00+00:00,CPUUtilization,45.34166666666667
2026-07-03T22:12:00+00:00,CPUUtilization,45.36
2026-07-03T22:17:00+00:00,CPUUtilization,45.334999999999994
2026-07-03T22:22:00+00:00,CPUUtilization,45.53166666666666
2026-07-03T22:27:00+00:00,CPUUtilization,45.43833333333333
2026-07-03T22:32:00+00:00,CPUUtilization,44.834999999999994
2026-07-03T22:37:00+00:00,CPUUtilization,45.16833333333334
2026-07-03T22:42:00+00:00,CPUUtilization,45.04833333333333
2026-07-03T22:47:00+00:00,CPUUtilization,44.97833333333334
2026-07-03T22:52:00+00:00,CPUUtilization,44.93833333333333
2026-07-03T22:57:00+00:00,CPUUtilization,45.07666666666667
2026-07-03T23:02:00+00:00,CPUUtilization,45.016666666666666
2026-07-03T23:07:00+00:00,CPUUtilization,45.38166666666667
2026-07-03T23:12:00+00:00,CPUUtilization,45.39833333333333
2026-07-03T23:17:00+00:00,CPUUtilization,45.166666666666664
2026-07-03T23:22:00+00:00,CPUUtilization,45.19166666666666
2026-07-03T23:27:00+00:00,CPUUtilization,45.04666666666667
2026-07-03T23:32:00+00:00,CPUUtilization,45.181666666666665
2026-07-03T23:37:00+00:00,CPUUtilization,45.318333333333335
2026-07-03T23:42:00+00:00,CPUUtilization,45.44
2026-07-03T23:47:00+00:00,CPUUtilization,45.705
2026-07-03T23:52:00+00:00,CPUUtilization,45.92
2026-07-03T23:57:00+00:00,CPUUtilization,45.28999999999999
2026-07-04T00:02:00+00:00,CPUUtilization,45.12666669946157
2026-07-04T00:07:00+00:00,CPUUtilization,45.144999999999996
2026-07-04T00:12:00+00:00,CPUUtilization,45.35666666666666
2026-07-04T00:17:00+00:00,CPUUtilization,45.37333333333333
2026-07-04T00:22:00+00:00,CPUUtilization,45.39333333333333
2026-07-04T00:27:00+00:00,CPUUtilization,45.163333333333334
2026-07-04T00:32:00+00:00,CPUUtilization,45.20833333333333
2026-07-04T00:37:00+00:00,CPUUtilization,45.07000000000001
2026-07-04T00:42:00+00:00,CPUUtilization,45.12
2026-07-04T00:47:00+00:00,CPUUtilization,45.151666666666664
2026-07-04T00:52:00+00:00,CPUUtilization,45.218333333333334
2026-07-04T00:57:00+00:00,CPUUtilization,45.09333333333333
2026-07-04T01:02:00+00:00,CPUUtilization,45.239999999999995
2026-07-04T01:07:00+00:00,CPUUtilization,45.114999999999995
2026-07-04T01:12:00+00:00,CPUUtilization,44.915000000000006
2026-07-04T01:17:00+00:00,CPUUtilization,45.05333333333333
2026-07-04T01:22:00+00:00,CPUUtilization,45.306666666666665
2026-07-04T01:27:00+00:00,CPUUtilization,45.169999999999995
2026-07-04T01:32:00+00:00,CPUUtilization,45.13666666666667
2026-07-04T01:37:00+00:00,CPUUtilization,45.07833333333333
2026-07-04T01:42:00+00:00,CPUUtilization,45.11
2026-07-04T01:47:00+00:00,CPUUtilization,45.3
2026-07-04T01:52:00+00:00,CPUUtilization,45.138333333333335
2026-07-04T01:57:00+00:00,CPUUtilization,45.013333333333335
2026-07-04T02:02:00+00:00,CPUUtilization,44.995
2026-07-04T02:07:00+00:00,CPUUtilization,44.82000000000001
2026-07-04T02:12:00+00:00,CPUUtilization,45.184999999999995
2026-07-04T02:17:00+00:00,CPUUtilization,44.84666666666666
2026-07-04T02:22:00+00:00,CPUUtilization,45.09
2026-07-04T02:27:00+00:00,CPUUtilization,45.01166666666667
2026-07-04T02:32:00+00:00,CPUUtilization,45.11333333333333
2026-07-04T02:37:00+00:00,CPUUtilization,44.925000000000004
2026-07-04T02:42:00+00:00,CPUUtilization,45.03
2026-07-04T02:47:00+00:00,CPUUtilization,44.94166666666667
2026-07-04T02:52:00+00:00,CPUUtilization,44.788333333333334
2026-07-04T02:57:00+00:00,CPUUtilization,45.14666666666666
2026-07-04T03:02:00+00:00,CPUUtilization,45.22833333333334
2026-07-04T03:07:00+00:00,CPUUtilization,45.18333333333334
2026-07-04T03:12:00+00:00,CPUUtilization,45.129999999999995
2026-07-04T03:17:00+00:00,CPUUtilization,45.243333333333325
2026-07-04T03:22:00+00:00,CPUUtilization,45.125
2026-07-04T03:27:00+00:00,CPUUtilization,44.985
2026-07-04T03:32:00+00:00,CPUUtilization,45.165
2026-07-04T03:37:00+00:00,CPUUtilization,45.35
2026-07-04T03:42:00+00:00,CPUUtilization,45.263333333333335
2026-07-04T03:47:00+00:00,CPUUtilization,45.163331866153236
2026-07-04T03:52:00+00:00,CPUUtilization,45.12166666666666
2026-07-04T03:57:00+00:00,CPUUtilization,45.33166666666666
2026-07-04T04:02:00+00:00,CPUUtilization,45.22333333333333
2026-07-04T04:07:00+00:00,CPUUtilization,45.09833333333333
2026-07-04T04:12:00+00:00,CPUUtilization,45.35333333333334
2026-07-04T04:17:00+00:00,CPUUtilization,45.163333333333334
2026-07-04T04:22:00+00:00,CPUUtilization,45.141666666666666
2026-07-04T04:27:00+00:00,CPUUtilization,45.09666666666666
2026-07-04T04:32:00+00:00,CPUUtilization,45.33833333333334
2026-07-04T04:37:00+00:00,CPUUtilization,45.07166697722731
2026-07-04T04:42:00+00:00,CPUUtilization,45.295
2026-07-04T04:47:00+00:00,CPUUtilization,45.10666666666666
2026-07-04T04:52:00+00:00,CPUUtilization,45.23
2026-07-04T04:57:00+00:00,CPUUtilization,44.919999999999995
2026-07-04T05:02:00+00:00,CPUUtilization,44.980000000000004
2026-07-04T05:07:00+00:00,CPUUtilization,44.81833333333333
2026-07-04T05:12:00+00:00,CPUUtilization,45.32333333333334
2026-07-04T05:17:00+00:00,CPUUtilization,45.273333333333326
2026-07-04T05:22:00+00:00,CPUUtilization,44.82666666666667
2026-07-04T05:27:00+00:00,CPUUtilization,45.004999999999995
2026-07-04T05:32:00+00:00,CPUUtilization,45.09666666666666
2026-07-04T05:37:00+00:00,CPUUtilization,45.15
2026-07-04T05:42:00+00:00,CPUUtilization,45.213333333333324
2026-07-04T05:47:00+00:00,CPUUtilization,45.211666666666666
2026-07-04T05:52:00+00:00,CPUUtilization,45.019999999999996
2026-07-04T05:57:00+00:00,CPUUtilization,45.32166666666667
2026-07-04T06:02:00+00:00,CPUUtilization,45.118333333333325
2026-07-04T06:07:00+00:00,CPUUtilization,44.851666666666674
2026-07-04T06:12:00+00:00,CPUUtilization,45.25333333333333
2026-07-04T06:17:00+00:00,CPUUtilization,47.23
2026-07-04T06:22:00+00:00,CPUUtilization,87.59666666666666
2026-07-04T06:27:00+00:00,CPUUtilization,61.56500000000001
2026-07-04T06:32:00+00:00,CPUUtilization,45.059999999999995
2026-07-04T06:37:00+00:00,CPUUtilization,44.834999999999994
2026-07-04T06:42:00+00:00,CPUUtilization,44.99833333333333
2026-07-04T06:47:00+00:00,CPUUtilization,44.85666666666667
2026-07-04T06:52:00+00:00,CPUUtilization,44.85166666666667
2026-07-04T06:57:00+00:00,CPUUtilization,44.763333333333335
2026-07-04T07:02:00+00:00,CPUUtilization,44.70333333333333
2026-07-04T07:07:00+00:00,CPUUtilization,45.026666666666664
2026-07-04T07:12:00+00:00,CPUUtilization,44.885
2026-07-04T07:17:00+00:00,CPUUtilization,44.92484955806292
2026-07-04T07:22:00+00:00,CPUUtilization,44.855150169169484
2026-07-04T07:27:00+00:00,CPUUtilization,44.73
2026-07-04T07:32:00+00:00,CPUUtilization,44.77333333333333
2026-07-04T07:37:00+00:00,CPUUtilization,44.82000000000001
2026-07-04T07:42:00+00:00,CPUUtilization,44.81166666666666
2026-07-04T07:47:00+00:00,CPUUtilization,44.848333333333336
2026-07-04T07:52:00+00:00,CPUUtilization,44.75166666666667
2026-07-04T07:57:00+00:00,CPUUtilization,45.17166666666667
2026-07-04T08:02:00+00:00,CPUUtilization,44.915000000000006
2026-07-04T08:07:00+00:00,CPUUtilization,44.96
2026-07-04T08:12:00+00:00,CPUUtilization,44.69833333333334
2026-07-04T08:17:00+00:00,CPUUtilization,44.77833333333333
2026-07-04T08:22:00+00:00,CPUUtilization,45.14333333333333
2026-07-04T08:27:00+00:00,CPUUtilization,45.175
2026-07-04T08:32:00+00:00,CPUUtilization,44.88333333333333
2026-07-04T08:37:00+00:00,CPUUtilization,44.919999999999995
2026-07-04T08:42:00+00:00,CPUUtilization,44.974999999999994
2026-07-04T08:47:00+00:00,CPUUtilization,44.763333333333335
2026-07-04T08:52:00+00:00,CPUUtilization,44.70333333333333
2026-07-04T08:57:00+00:00,CPUUtilization,44.85166666666667
2026-07-04T09:02:00+00:00,CPUUtilization,44.81666666666666
2026-07-04T09:07:00+00:00,CPUUtilization,44.71333333333333
2026-07-04T09:12:00+00:00,CPUUtilization,44.62333333333333
2026-07-04T09:17:00+00:00,CPUUtilization,44.74666666666666
2026-07-04T09:22:00+00:00,CPUUtilization,44.86
2026-07-04T09:27:00+00:00,CPUUtilization,45.254999999999995
2026-07-04T09:32:00+00:00,CPUUtilization,45.265
2026-07-04T09:37:00+00:00,CPUUtilization,45.086666666666666
2026-07-04T09:42:00+00:00,CPUUtilization,44.79166666666667
2026-07-04T09:47:00+00:00,CPUUtilization,45.06666666666666
2026-07-04T09:52:00+00:00,CPUUtilization,45.251666666666665
2026-07-04T09:57:00+00:00,CPUUtilization,45.52666666666666
2026-07-04T10:02:00+00:00,CPUUtilization,45.43333333333333
2026-07-04T10:07:00+00:00,CPUUtilization,45.10999999999999
2026-07-04T10:12:00+00:00,CPUUtilization,45.47666666666667
2026-07-04T10:17:00+00:00,CPUUtilization,45.21999999999999
2026-07-04T10:22:00+00:00,CPUUtilization,45.48666650506296
2026-07-04T10:27:00+00:00,CPUUtilization,45.27833333333333
2026-07-04T10:32:00+00:00,CPUUtilization,45.42166666666667
2026-07-04T10:37:00+00:00,CPUUtilization,45.19833333333333
2026-07-04T10:42:00+00:00,CPUUtilization,45.31833333333333
2026-07-04T10:47:00+00:00,CPUUtilization,45.226666666666674
2026-07-04T10:52:00+00:00,CPUUtilization,45.265
2026-07-04T10:57:00+00:00,CPUUtilization,45.32333333333334
2026-07-04T11:02:00+00:00,CPUUtilization,45.13
2026-07-04T11:07:00+00:00,CPUUtilization,45.10000000000001
2026-07-04T11:12:00+00:00,CPUUtilization,45.629999999999995
2026-07-04T11:17:00+00:00,CPUUtilization,45.24666666666667
2026-07-04T11:22:00+00:00,CPUUtilization,45.27333333333333
2026-07-04T11:27:00+00:00,CPUUtilization,45.2
2026-07-04T11:32:00+00:00,CPUUtilization,45.05666666666667
2026-07-04T11:37:00+00:00,CPUUtilization,45.251666666666665
2026-07-04T11:42:00+00:00,CPUUtilization,45.42
2026-07-04T11:47:00+00:00,CPUUtilization,45.47833333333333
2026-07-04T11:52:00+00:00,CPUUtilization,45.285000000000004
2026-07-04T11:57:00+00:00,CPUUtilization,45.46333333333333
2026-07-04T12:02:00+00:00,CPUUtilization,45.54666666666667
2026-07-04T12:07:00+00:00,CPUUtilization,45.34166666666666
2026-07-04T12:12:00+00:00,CPUUtilization,45.438333333333325
2026-07-04T12:17:00+00:00,CPUUtilization,45.35333333333333
2026-07-04T12:22:00+00:00,CPUUtilization,45.43333333333334
2026-07-04T12:27:00+00:00,CPUUtilization,45.413333333333334
2026-07-04T12:32:00+00:00,CPUUtilization,45.45166666666667
2026-07-04T12:37:00+00:00,CPUUtilization,45.49333333333333
2026-07-04T12:42:00+00:00,CPUUtilization,44.998333333333335
2026-07-04T12:47:00+00:00,CPUUtilization,45.163333333333334
2026-07-04T12:52:00+00:00,CPUUtilization,45.211666666666666
2026-07-04T12:57:00+00:00,CPUUtilization,45.48166666666666
2026-07-04T13:02:00+00:00,CPUUtilization,45.37166666666666
2026-07-04T13:07:00+00:00,CPUUtilization,45.195
2026-07-04T13:12:00+00:00,CPUUtilization,52.69
2026-07-04T13:17:00+00:00,CPUUtilization,45.211666666666666
2026-07-04T13:22:00+00:00,CPUUtilization,45.285
2026-07-04T13:27:00+00:00,CPUUtilization,45.45166666666667
2026-07-04T13:32:00+00:00,CPUUtilization,45.441666666666656
2026-07-04T13:37:00+00:00,CPUUtilization,45.41166666666667
2026-07-04T13:42:00+00:00,CPUUtilization,45.43
2026-07-04T13:47:00+00:00,CPUUtilization,45.339999999999996
2026-07-04T13:52:00+00:00,CPUUtilization,45.21666666666666
2026-07-04T13:57:00+00:00,CPUUtilization,45.64999999999999
2026-07-04T14:02:00+00:00,CPUUtilization,45.23833333333333
2026-07-04T14:07:00+00:00,CPUUtilization,45.165
2026-07-04T14:12:00+00:00,CPUUtilization,45.31833333333333
2026-07-04T14:17:00+00:00,CPUUtilization,45.32666666666667
2026-07-04T14:22:00+00:00,CPUUtilization,45.48
2026-07-04T14:27:00+00:00,CPUUtilization,45.31666666666666
2026-07-04T14:32:00+00:00,CPUUtilization,45.349999999999994
2026-07-04T14:37:00+00:00,CPUUtilization,45.34333333333333
2026-07-04T14:42:00+00:00,CPUUtilization,45.035
2026-07-04T14:47:00+00:00,CPUUtilization,45.23166666666667
2026-07-04T14:52:00+00:00,CPUUtilization,44.95166666666667
2026-07-04T14:57:00+00:00,CPUUtilization,44.67333333333333
2026-07-04T15:02:00+00:00,CPUUtilization,44.96666917168796
2026-07-04T15:07:00+00:00,CPUUtilization,44.69166666666666
2026-07-04T15:12:00+00:00,CPUUtilization,45.06166666666666
2026-07-04T15:17:00+00:00,CPUUtilization,44.87333333333333
2026-07-04T15:22:00+00:00,CPUUtilization,44.765
2026-07-04T15:27:00+00:00,CPUUtilization,44.68984880807542
2026-07-04T15:32:00+00:00,CPUUtilization,44.996818196969954
2026-07-04T15:37:00+00:00,CPUUtilization,44.80833333333333
2026-07-04T15:42:00+00:00,CPUUtilization,45.20166666666667
2026-07-04T15:47:00+00:00,CPUUtilization,45.125
2026-07-04T15:52:00+00:00,CPUUtilization,45.029999999999994
2026-07-04T15:57:00+00:00,CPUUtilization,45.32666666666667
2026-07-04T16:02:00+00:00,CPUUtilization,45.175
2026-07-04T16:07:00+00:00,CPUUtilization,45.20166666666667
2026-07-04T16:12:00+00:00,CPUUtilization,45.28166666666667
2026-07-04T16:17:00+00:00,CPUUtilization,45.12166666666666
2026-07-04T16:22:00+00:00,CPUUtilization,44.91
2026-07-04T16:27:00+00:00,CPUUtilization,45.228333560561104
2026-07-04T16:32:00+00:00,CPUUtilization,45.138333333333335
2026-07-04T16:37:00+00:00,CPUUtilization,45.214999999999996
2026-07-04T16:42:00+00:00,CPUUtilization,45.07666666666667
2026-07-04T16:47:00+00:00,CPUUtilization,45.01318319694671
2026-07-04T16:52:00+00:00,CPUUtilization,45.140150780290774
2026-07-04T16:57:00+00:00,CPUUtilization,45.333333333333336
2026-07-04T17:02:00+00:00,CPUUtilization,45.49666666666666
2026-07-04T17:07:00+00:00,CPUUtilization,44.82833333333333
2026-07-04T17:12:00+00:00,CPUUtilization,45.06666666666666
2026-07-04T17:17:00+00:00,CPUUtilization,45.17999999999999
2026-07-04T17:22:00+00:00,CPUUtilization,45.07166666666667
2026-07-04T17:27:00+00:00,CPUUtilization,44.75666666666667
2026-07-04T17:32:00+00:00,CPUUtilization,44.85166666666667
2026-07-04T17:37:00+00:00,CPUUtilization,44.975
2026-07-04T17:42:00+00:00,CPUUtilization,44.916666666666664
2026-07-04T17:47:00+00:00,CPUUtilization,44.85
2026-07-04T17:52:00+00:00,CPUUtilization,44.97833333333333
2026-07-04T17:57:00+00:00,CPUUtilization,45.45166666666666
2026-07-04T18:02:00+00:00,CPUUtilization,45.3883334495074
2026-07-04T18:07:00+00:00,CPUUtilization,45.33166666666666
2026-07-04T18:12:00+00:00,CPUUtilization,45.47333333333333
2026-07-04T18:17:00+00:00,CPUUtilization,45.53666666666666
2026-07-04T18:22:00+00:00,CPUUtilization,45.515
2026-07-04T18:27:00+00:00,CPUUtilization,45.22333333333333
2026-07-04T18:32:00+00:00,CPUUtilization,45.03666666666666
2026-07-04T18:37:00+00:00,CPUUtilization,44.95666666666667
2026-07-04T18:42:00+00:00,CPUUtilization,45.02166666666666
2026-07-04T18:47:00+00:00,CPUUtilization,44.931666666666665
2026-07-04T18:52:00+00:00,CPUUtilization,44.894999999999996
2026-07-04T18:57:00+00:00,CPUUtilization,45.04333333333333
2026-07-04T19:02:00+00:00,CPUUtilization,45.019999999999996
2026-07-04T19:07:00+00:00,CPUUtilization,45.078333333333326
2026-07-04T19:12:00+00:00,CPUUtilization,44.86333333333333
2026-07-04T19:17:00+00:00,CPUUtilization,45.348333333333336
2026-07-04T19:22:00+00:00,CPUUtilization,45.11666666666666
2026-07-04T19:27:00+00:00,CPUUtilization,45.00833333333333
2026-07-04T19:32:00+00:00,CPUUtilization,44.81666666666666
2026-07-04T19:37:00+00:00,CPUUtilization,44.94833333333334
2026-07-04T19:42:00+00:00,CPUUtilization,44.885
2026-07-04T19:47:00+00:00,CPUUtilization,44.81666666666667
2026-07-04T19:52:00+00:00,CPUUtilization,45.01833333333333
2026-07-04T19:57:00+00:00,CPUUtilization,44.90833333333333
2026-07-04T20:02:00+00:00,CPUUtilization,44.85333333333333
2026-07-04T20:07:00+00:00,CPUUtilization,45.118333333333325
2026-07-04T20:12:00+00:00,CPUUtilization,28.851666666666667
2026-07-04T20:17:00+00:00,CPUUtilization,0.6916666666666667
2026-07-03T14:12:00+00:00,NetworkIn,61910584.4
2026-07-03T14:17:00+00:00,NetworkIn,133148445.2
2026-07-03T14:22:00+00:00,NetworkIn,133285351.4
2026-07-03T14:27:00+00:00,NetworkIn,133504494.2
2026-07-03T14:32:00+00:00,NetworkIn,132837859.4
2026-07-03T14:37:00+00:00,NetworkIn,133355441.8
2026-07-03T14:42:00+00:00,NetworkIn,133407019.8
2026-07-03T14:47:00+00:00,NetworkIn,133073556.6
2026-07-03T14:52:00+00:00,NetworkIn,132906714.0
2026-07-03T14:57:00+00:00,NetworkIn,133016843.0
2026-07-03T15:02:00+00:00,NetworkIn,133254868.0
2026-07-03T15:07:00+00:00,NetworkIn,133024815.6
2026-07-03T15:12:00+00:00,NetworkIn,133575630.4
2026-07-03T15:17:00+00:00,NetworkIn,133294685.4
2026-07-03T15:22:00+00:00,NetworkIn,132938717.2
2026-07-03T15:27:00+00:00,NetworkIn,133178850.2
2026-07-03T15:32:00+00:00,NetworkIn,133020309.6
2026-07-03T15:37:00+00:00,NetworkIn,133114438.6
2026-07-03T15:42:00+00:00,NetworkIn,133259640.0
2026-07-03T15:47:00+00:00,NetworkIn,132887289.6
2026-07-03T15:52:00+00:00,NetworkIn,133326162.8
2026-07-03T15:57:00+00:00,NetworkIn,133394136.8
2026-07-03T16:02:00+00:00,NetworkIn,133224197.4
2026-07-03T16:07:00+00:00,NetworkIn,133214716.4
2026-07-03T16:12:00+00:00,NetworkIn,133768144.2
2026-07-03T16:17:00+00:00,NetworkIn,133242307.0
2026-07-03T16:22:00+00:00,NetworkIn,132912629.8
2026-07-03T16:27:00+00:00,NetworkIn,133191023.6
2026-07-03T16:32:00+00:00,NetworkIn,133184745.6
2026-07-03T16:37:00+00:00,NetworkIn,132895798.4
2026-07-03T16:42:00+00:00,NetworkIn,133042316.4
2026-07-03T16:47:00+00:00,NetworkIn,133437667.4
2026-07-03T16:52:00+00:00,NetworkIn,132391785.6
2026-07-03T16:57:00+00:00,NetworkIn,133291252.6
2026-07-03T17:02:00+00:00,NetworkIn,133159492.0
2026-07-03T17:07:00+00:00,NetworkIn,133630863.2
2026-07-03T17:12:00+00:00,NetworkIn,133217321.2
2026-07-03T17:17:00+00:00,NetworkIn,133404496.8
2026-07-03T17:22:00+00:00,NetworkIn,133053197.2
2026-07-03T17:27:00+00:00,NetworkIn,133174272.8
2026-07-03T17:32:00+00:00,NetworkIn,133266233.6
2026-07-03T17:37:00+00:00,NetworkIn,133262398.4
2026-07-03T17:42:00+00:00,NetworkIn,132657072.6
2026-07-03T17:47:00+00:00,NetworkIn,133143719.2
2026-07-03T17:52:00+00:00,NetworkIn,133109884.4
2026-07-03T17:57:00+00:00,NetworkIn,133020077.6
2026-07-03T18:02:00+00:00,NetworkIn,133151878.2
2026-07-03T18:07:00+00:00,NetworkIn,132835081.6
2026-07-03T18:12:00+00:00,NetworkIn,133662364.8
2026-07-03T18:17:00+00:00,NetworkIn,133232456.6
2026-07-03T18:22:00+00:00,NetworkIn,132973509.4
2026-07-03T18:27:00+00:00,NetworkIn,133167391.6
2026-07-03T18:32:00+00:00,NetworkIn,133067737.2
2026-07-03T18:37:00+00:00,NetworkIn,133168970.8
2026-07-03T18:42:00+00:00,NetworkIn,132704162.6
2026-07-03T18:47:00+00:00,NetworkIn,133975484.0
2026-07-03T18:52:00+00:00,NetworkIn,132878328.4
2026-07-03T18:57:00+00:00,NetworkIn,132699391.8
2026-07-03T19:02:00+00:00,NetworkIn,132980602.4
2026-07-03T19:07:00+00:00,NetworkIn,132805344.2
2026-07-03T19:12:00+00:00,NetworkIn,133540563.6
2026-07-03T19:17:00+00:00,NetworkIn,133488862.6
2026-07-03T19:22:00+00:00,NetworkIn,133108046.6
2026-07-03T19:27:00+00:00,NetworkIn,133029005.4
2026-07-03T19:32:00+00:00,NetworkIn,132748646.2
2026-07-03T19:37:00+00:00,NetworkIn,133148977.0
2026-07-03T19:42:00+00:00,NetworkIn,133230118.6
2026-07-03T19:47:00+00:00,NetworkIn,132708372.8
2026-07-03T19:52:00+00:00,NetworkIn,133184513.8
2026-07-03T19:57:00+00:00,NetworkIn,132991515.0
2026-07-03T20:02:00+00:00,NetworkIn,133156834.6
2026-07-03T20:07:00+00:00,NetworkIn,132865084.4
2026-07-03T20:12:00+00:00,NetworkIn,133685727.8
2026-07-03T20:17:00+00:00,NetworkIn,133024447.6
2026-07-03T20:22:00+00:00,NetworkIn,133372983.8
2026-07-03T20:27:00+00:00,NetworkIn,133285203.4
2026-07-03T20:32:00+00:00,NetworkIn,132959752.4
2026-07-03T20:37:00+00:00,NetworkIn,133190317.8
2026-07-03T20:42:00+00:00,NetworkIn,132881800.0
2026-07-03T20:47:00+00:00,NetworkIn,133099933.0
2026-07-03T20:52:00+00:00,NetworkIn,132787491.2
2026-07-03T20:57:00+00:00,NetworkIn,132870564.6
2026-07-03T21:02:00+00:00,NetworkIn,133291687.4
2026-07-03T21:07:00+00:00,NetworkIn,133018102.4
2026-07-03T21:12:00+00:00,NetworkIn,133660882.8
2026-07-03T21:17:00+00:00,NetworkIn,133170277.8
2026-07-03T21:22:00+00:00,NetworkIn,133031106.8
2026-07-03T21:27:00+00:00,NetworkIn,132948719.6
2026-07-03T21:32:00+00:00,NetworkIn,133086324.6
2026-07-03T21:37:00+00:00,NetworkIn,133013672.6
2026-07-03T21:42:00+00:00,NetworkIn,133465353.2
2026-07-03T21:47:00+00:00,NetworkIn,132923743.8
2026-07-03T21:52:00+00:00,NetworkIn,133133290.2
2026-07-03T21:57:00+00:00,NetworkIn,132832502.4
2026-07-03T22:02:00+00:00,NetworkIn,133464970.6
2026-07-03T22:07:00+00:00,NetworkIn,132885862.4
2026-07-03T22:12:00+00:00,NetworkIn,133229389.8
2026-07-03T22:17:00+00:00,NetworkIn,132913128.2
2026-07-03T22:22:00+00:00,NetworkIn,133284107.0
2026-07-03T22:27:00+00:00,NetworkIn,133016445.0
2026-07-03T22:32:00+00:00,NetworkIn,132438952.4
2026-07-03T22:37:00+00:00,NetworkIn,132822286.6
2026-07-03T22:42:00+00:00,NetworkIn,132986507.4
2026-07-03T22:47:00+00:00,NetworkIn,133573984.6
2026-07-03T22:52:00+00:00,NetworkIn,133012484.0
2026-07-03T22:57:00+00:00,NetworkIn,132952113.8
2026-07-03T23:02:00+00:00,NetworkIn,132831413.6
2026-07-03T23:07:00+00:00,NetworkIn,133594981.0
2026-07-03T23:12:00+00:00,NetworkIn,133292049.8
2026-07-03T23:17:00+00:00,NetworkIn,132937461.0
2026-07-03T23:22:00+00:00,NetworkIn,132780363.2
2026-07-03T23:27:00+00:00,NetworkIn,132548775.2
2026-07-03T23:32:00+00:00,NetworkIn,133520760.2
2026-07-03T23:37:00+00:00,NetworkIn,132922053.8
2026-07-03T23:42:00+00:00,NetworkIn,133329831.2
2026-07-03T23:47:00+00:00,NetworkIn,151672183.2
2026-07-03T23:52:00+00:00,NetworkIn,133059781.8
2026-07-03T23:57:00+00:00,NetworkIn,133351946.2
2026-07-04T00:02:00+00:00,NetworkIn,132760772.8
2026-07-04T00:07:00+00:00,NetworkIn,132933960.2
2026-07-04T00:12:00+00:00,NetworkIn,133876444.6
2026-07-04T00:17:00+00:00,NetworkIn,133333812.6
2026-07-04T00:22:00+00:00,NetworkIn,132758154.8
2026-07-04T00:27:00+00:00,NetworkIn,133090004.2
2026-07-04T00:32:00+00:00,NetworkIn,132937699.8
2026-07-04T00:37:00+00:00,NetworkIn,133310319.4
2026-07-04T00:42:00+00:00,NetworkIn,132688550.2
2026-07-04T00:47:00+00:00,NetworkIn,132651104.6
2026-07-04T00:52:00+00:00,NetworkIn,133550241.0
2026-07-04T00:57:00+00:00,NetworkIn,132293379.0
2026-07-04T01:02:00+00:00,NetworkIn,133481635.4
2026-07-04T01:07:00+00:00,NetworkIn,133062804.4
2026-07-04T01:12:00+00:00,NetworkIn,133178774.8
2026-07-04T01:17:00+00:00,NetworkIn,133424685.0
2026-07-04T01:22:00+00:00,NetworkIn,132886864.0
2026-07-04T01:27:00+00:00,NetworkIn,133247825.8
2026-07-04T01:32:00+00:00,NetworkIn,132646729.8
2026-07-04T01:37:00+00:00,NetworkIn,133078788.4
2026-07-04T01:42:00+00:00,NetworkIn,133507905.6
2026-07-04T01:47:00+00:00,NetworkIn,132736709.8
2026-07-04T01:52:00+00:00,NetworkIn,133262635.2
2026-07-04T01:57:00+00:00,NetworkIn,133034538.8
2026-07-04T02:02:00+00:00,NetworkIn,132795973.4
2026-07-04T02:07:00+00:00,NetworkIn,133097245.8
2026-07-04T02:12:00+00:00,NetworkIn,133662888.0
2026-07-04T02:17:00+00:00,NetworkIn,133065620.6
2026-07-04T02:22:00+00:00,NetworkIn,133339432.6
2026-07-04T02:27:00+00:00,NetworkIn,132858607.4
2026-07-04T02:32:00+00:00,NetworkIn,133286558.8
2026-07-04T02:37:00+00:00,NetworkIn,132883670.2
2026-07-04T02:42:00+00:00,NetworkIn,132779787.8
2026-07-04T02:47:00+00:00,NetworkIn,132710600.8
2026-07-04T02:52:00+00:00,NetworkIn,132869450.6
2026-07-04T02:57:00+00:00,NetworkIn,133218621.4
2026-07-04T03:02:00+00:00,NetworkIn,133770602.8
2026-07-04T03:07:00+00:00,NetworkIn,133077491.8
2026-07-04T03:12:00+00:00,NetworkIn,133187685.8
2026-07-04T03:17:00+00:00,NetworkIn,133712952.6
2026-07-04T03:22:00+00:00,NetworkIn,133256285.0
2026-07-04T03:27:00+00:00,NetworkIn,132972406.4
2026-07-04T03:32:00+00:00,NetworkIn,132826098.0
2026-07-04T03:37:00+00:00,NetworkIn,133048713.8
2026-07-04T03:42:00+00:00,NetworkIn,132766231.0
2026-07-04T03:47:00+00:00,NetworkIn,132900715.2
2026-07-04T03:52:00+00:00,NetworkIn,133026104.6
2026-07-04T03:57:00+00:00,NetworkIn,132991698.6
2026-07-04T04:02:00+00:00,NetworkIn,133453380.8
2026-07-04T04:07:00+00:00,NetworkIn,133185730.0
2026-07-04T04:12:00+00:00,NetworkIn,133429650.2
2026-07-04T04:17:00+00:00,NetworkIn,133253966.8
2026-07-04T04:22:00+00:00,NetworkIn,133557556.2
2026-07-04T04:27:00+00:00,NetworkIn,132893765.6
2026-07-04T04:32:00+00:00,NetworkIn,133189636.8
2026-07-04T04:37:00+00:00,NetworkIn,133171831.4
2026-07-04T04:42:00+00:00,NetworkIn,132969486.0
2026-07-04T04:47:00+00:00,NetworkIn,133190946.4
2026-07-04T04:52:00+00:00,NetworkIn,133066787.4
2026-07-04T04:57:00+00:00,NetworkIn,133280249.4
2026-07-04T05:02:00+00:00,NetworkIn,132888095.4
2026-07-04T05:07:00+00:00,NetworkIn,132829282.4
2026-07-04T05:12:00+00:00,NetworkIn,133494937.8
2026-07-04T05:17:00+00:00,NetworkIn,132978567.8
2026-07-04T05:22:00+00:00,NetworkIn,133411452.8
2026-07-04T05:27:00+00:00,NetworkIn,132500153.2
2026-07-04T05:32:00+00:00,NetworkIn,133094976.0
2026-07-04T05:37:00+00:00,NetworkIn,132907769.6
2026-07-04T05:42:00+00:00,NetworkIn,133260288.4
2026-07-04T05:47:00+00:00,NetworkIn,133080412.8
2026-07-04T05:52:00+00:00,NetworkIn,132890823.6
2026-07-04T05:57:00+00:00,NetworkIn,133054080.0
2026-07-04T06:02:00+00:00,NetworkIn,133088326.8
2026-07-04T06:07:00+00:00,NetworkIn,132855845.6
2026-07-04T06:12:00+00:00,NetworkIn,133923247.4
2026-07-04T06:17:00+00:00,NetworkIn,133111124.8
2026-07-04T06:22:00+00:00,NetworkIn,176459435.0
2026-07-04T06:27:00+00:00,NetworkIn,134964962.8
2026-07-04T06:32:00+00:00,NetworkIn,133043302.8
2026-07-04T06:37:00+00:00,NetworkIn,132645835.6
2026-07-04T06:42:00+00:00,NetworkIn,133505630.2
2026-07-04T06:47:00+00:00,NetworkIn,132877743.2
2026-07-04T06:52:00+00:00,NetworkIn,133330139.0
2026-07-04T06:57:00+00:00,NetworkIn,132841603.0
2026-07-04T07:02:00+00:00,NetworkIn,132963210.4
2026-07-04T07:07:00+00:00,NetworkIn,133677263.8
2026-07-04T07:12:00+00:00,NetworkIn,133535525.8
2026-07-04T07:17:00+00:00,NetworkIn,132858443.0
2026-07-04T07:22:00+00:00,NetworkIn,132872007.8
2026-07-04T07:27:00+00:00,NetworkIn,133268820.8
2026-07-04T07:32:00+00:00,NetworkIn,132964194.8
2026-07-04T07:37:00+00:00,NetworkIn,132773344.8
2026-07-04T07:42:00+00:00,NetworkIn,133656123.6
2026-07-04T07:47:00+00:00,NetworkIn,132972899.4
2026-07-04T07:52:00+00:00,NetworkIn,132886054.2
2026-07-04T07:57:00+00:00,NetworkIn,133320405.6
2026-07-04T08:02:00+00:00,NetworkIn,132951239.8
2026-07-04T08:07:00+00:00,NetworkIn,132983372.4
2026-07-04T08:12:00+00:00,NetworkIn,133499894.2
2026-07-04T08:17:00+00:00,NetworkIn,132892876.4
2026-07-04T08:22:00+00:00,NetworkIn,133958878.0
2026-07-04T08:27:00+00:00,NetworkIn,132881406.2
2026-07-04T08:32:00+00:00,NetworkIn,133049758.2
2026-07-04T08:37:00+00:00,NetworkIn,133704865.2
2026-07-04T08:42:00+00:00,NetworkIn,133320849.8
2026-07-04T08:47:00+00:00,NetworkIn,132591843.6
2026-07-04T08:52:00+00:00,NetworkIn,132957210.8
2026-07-04T08:57:00+00:00,NetworkIn,133510083.4
2026-07-04T09:02:00+00:00,NetworkIn,133059063.6
2026-07-04T09:07:00+00:00,NetworkIn,132875031.2
2026-07-04T09:12:00+00:00,NetworkIn,132770323.0
2026-07-04T09:17:00+00:00,NetworkIn,132977018.4
2026-07-04T09:22:00+00:00,NetworkIn,132784017.4
2026-07-04T09:27:00+00:00,NetworkIn,132911213.6
2026-07-04T09:32:00+00:00,NetworkIn,133494848.4
2026-07-04T09:37:00+00:00,NetworkIn,132625692.0
2026-07-04T09:42:00+00:00,NetworkIn,132933101.8
2026-07-04T09:47:00+00:00,NetworkIn,133037310.8
2026-07-04T09:52:00+00:00,NetworkIn,132648106.6
2026-07-04T09:57:00+00:00,NetworkIn,133328280.4
2026-07-04T10:02:00+00:00,NetworkIn,133052810.4
2026-07-04T10:07:00+00:00,NetworkIn,133189290.6
2026-07-04T10:12:00+00:00,NetworkIn,133812425.0
2026-07-04T10:17:00+00:00,NetworkIn,132913062.6
2026-07-04T10:22:00+00:00,NetworkIn,133333676.0
2026-07-04T10:27:00+00:00,NetworkIn,132975359.6
2026-07-04T10:32:00+00:00,NetworkIn,133293459.6
2026-07-04T10:37:00+00:00,NetworkIn,132300190.0
2026-07-04T10:42:00+00:00,NetworkIn,133007285.8
2026-07-04T10:47:00+00:00,NetworkIn,132925201.0
2026-07-04T10:52:00+00:00,NetworkIn,132629852.2
2026-07-04T10:57:00+00:00,NetworkIn,132940326.0
2026-07-04T11:02:00+00:00,NetworkIn,133144395.4
2026-07-04T11:07:00+00:00,NetworkIn,132714784.2
2026-07-04T11:12:00+00:00,NetworkIn,133882742.4
2026-07-04T11:17:00+00:00,NetworkIn,133523580.4
2026-07-04T11:22:00+00:00,NetworkIn,133194098.0
2026-07-04T11:27:00+00:00,NetworkIn,132977136.4
2026-07-04T11:32:00+00:00,NetworkIn,132903331.0
2026-07-04T11:37:00+00:00,NetworkIn,133078712.4
2026-07-04T11:42:00+00:00,NetworkIn,133184860.0
2026-07-04T11:47:00+00:00,NetworkIn,133420235.0
2026-07-04T11:52:00+00:00,NetworkIn,133152858.4
2026-07-04T11:57:00+00:00,NetworkIn,133167624.6
2026-07-04T12:02:00+00:00,NetworkIn,133153674.6
2026-07-04T12:07:00+00:00,NetworkIn,133701965.4
2026-07-04T12:12:00+00:00,NetworkIn,133785344.6
2026-07-04T12:17:00+00:00,NetworkIn,132745298.4
2026-07-04T12:22:00+00:00,NetworkIn,133349272.6
2026-07-04T12:27:00+00:00,NetworkIn,133401085.4
2026-07-04T12:32:00+00:00,NetworkIn,132970454.0
2026-07-04T12:37:00+00:00,NetworkIn,132760887.2
2026-07-04T12:42:00+00:00,NetworkIn,132876066.4
2026-07-04T12:47:00+00:00,NetworkIn,132991109.4
2026-07-04T12:52:00+00:00,NetworkIn,132957442.6
2026-07-04T12:57:00+00:00,NetworkIn,132961496.6
2026-07-04T13:02:00+00:00,NetworkIn,133018529.4
2026-07-04T13:07:00+00:00,NetworkIn,133132930.6
2026-07-04T13:12:00+00:00,NetworkIn,138543599.6
2026-07-04T13:17:00+00:00,NetworkIn,133228741.8
2026-07-04T13:22:00+00:00,NetworkIn,132679509.0
2026-07-04T13:27:00+00:00,NetworkIn,133300640.8
2026-07-04T13:32:00+00:00,NetworkIn,133226610.4
2026-07-04T13:37:00+00:00,NetworkIn,133079431.4
2026-07-04T13:42:00+00:00,NetworkIn,133048818.2
2026-07-04T13:47:00+00:00,NetworkIn,133417079.4
2026-07-04T13:52:00+00:00,NetworkIn,132638827.6
2026-07-04T13:57:00+00:00,NetworkIn,133453596.4
2026-07-04T14:02:00+00:00,NetworkIn,132916126.8
2026-07-04T14:07:00+00:00,NetworkIn,133055966.0
2026-07-04T14:12:00+00:00,NetworkIn,133524436.6
2026-07-04T14:17:00+00:00,NetworkIn,133362135.0
2026-07-04T14:22:00+00:00,NetworkIn,132869817.2
2026-07-04T14:27:00+00:00,NetworkIn,133079162.6
2026-07-04T14:32:00+00:00,NetworkIn,133266092.4
2026-07-04T14:37:00+00:00,NetworkIn,132938899.0
2026-07-04T14:42:00+00:00,NetworkIn,133054084.8
2026-07-04T14:47:00+00:00,NetworkIn,133115219.4
2026-07-04T14:52:00+00:00,NetworkIn,132999209.6
2026-07-04T14:57:00+00:00,NetworkIn,133176053.8
2026-07-04T15:02:00+00:00,NetworkIn,133049309.6
2026-07-04T15:07:00+00:00,NetworkIn,133095667.2
2026-07-04T15:12:00+00:00,NetworkIn,133434872.6
2026-07-04T15:17:00+00:00,NetworkIn,133312755.2
2026-07-04T15:22:00+00:00,NetworkIn,133117669.4
2026-07-04T15:27:00+00:00,NetworkIn,133146422.4
2026-07-04T15:32:00+00:00,NetworkIn,132964422.6
2026-07-04T15:37:00+00:00,NetworkIn,133109298.8
2026-07-04T15:42:00+00:00,NetworkIn,133508117.6
2026-07-04T15:47:00+00:00,NetworkIn,133163516.2
2026-07-04T15:52:00+00:00,NetworkIn,133369777.2
2026-07-04T15:57:00+00:00,NetworkIn,133141078.0
2026-07-04T16:02:00+00:00,NetworkIn,133255125.6
2026-07-04T16:07:00+00:00,NetworkIn,133059107.6
2026-07-04T16:12:00+00:00,NetworkIn,133246608.8
2026-07-04T16:17:00+00:00,NetworkIn,133246877.8
2026-07-04T16:22:00+00:00,NetworkIn,133073699.2
2026-07-04T16:27:00+00:00,NetworkIn,133297301.8
2026-07-04T16:32:00+00:00,NetworkIn,132687640.6
2026-07-04T16:37:00+00:00,NetworkIn,133355189.6
2026-07-04T16:42:00+00:00,NetworkIn,133317894.8
2026-07-04T16:47:00+00:00,NetworkIn,132731738.6
2026-07-04T16:52:00+00:00,NetworkIn,133362995.4
2026-07-04T16:57:00+00:00,NetworkIn,132413794.4
2026-07-04T17:02:00+00:00,NetworkIn,133909016.6
2026-07-04T17:07:00+00:00,NetworkIn,132717226.6
2026-07-04T17:12:00+00:00,NetworkIn,133226925.2
2026-07-04T17:17:00+00:00,NetworkIn,133301027.0
2026-07-04T17:22:00+00:00,NetworkIn,132900120.8
2026-07-04T17:27:00+00:00,NetworkIn,133181569.8
2026-07-04T17:32:00+00:00,NetworkIn,132919708.6
2026-07-04T17:37:00+00:00,NetworkIn,133458291.6
2026-07-04T17:42:00+00:00,NetworkIn,133244390.0
2026-07-04T17:47:00+00:00,NetworkIn,132886681.0
2026-07-04T17:52:00+00:00,NetworkIn,133161516.6
2026-07-04T17:57:00+00:00,NetworkIn,133021774.8
2026-07-04T18:02:00+00:00,NetworkIn,133237110.0
2026-07-04T18:07:00+00:00,NetworkIn,133022807.8
2026-07-04T18:12:00+00:00,NetworkIn,133562614.8
2026-07-04T18:17:00+00:00,NetworkIn,133476465.6
2026-07-04T18:22:00+00:00,NetworkIn,133109858.0
2026-07-04T18:27:00+00:00,NetworkIn,133066962.8
2026-07-04T18:32:00+00:00,NetworkIn,133091866.6
2026-07-04T18:37:00+00:00,NetworkIn,133298540.6
2026-07-04T18:42:00+00:00,NetworkIn,133510384.6
2026-07-04T18:47:00+00:00,NetworkIn,133043029.6
2026-07-04T18:52:00+00:00,NetworkIn,133028645.0
2026-07-04T18:57:00+00:00,NetworkIn,133019036.4
2026-07-04T19:02:00+00:00,NetworkIn,133172075.4
2026-07-04T19:07:00+00:00,NetworkIn,133271533.0
2026-07-04T19:12:00+00:00,NetworkIn,133061163.0
2026-07-04T19:17:00+00:00,NetworkIn,133274415.8
2026-07-04T19:22:00+00:00,NetworkIn,133170961.4
2026-07-04T19:27:00+00:00,NetworkIn,133295157.4
2026-07-04T19:32:00+00:00,NetworkIn,133444865.2
2026-07-04T19:37:00+00:00,NetworkIn,132848015.8
2026-07-04T19:42:00+00:00,NetworkIn,133354000.6
2026-07-04T19:47:00+00:00,NetworkIn,132893453.4
2026-07-04T19:52:00+00:00,NetworkIn,132989437.2
2026-07-04T19:57:00+00:00,NetworkIn,133483792.6
2026-07-04T20:02:00+00:00,NetworkIn,132801719.4
2026-07-04T20:07:00+00:00,NetworkIn,133581791.0
2026-07-04T20:12:00+00:00,NetworkIn,76846041.0
2026-07-04T20:17:00+00:00,NetworkIn,10183.6
2026-07-03T14:12:00+00:00,NetworkOut,65963700.6
2026-07-03T14:17:00+00:00,NetworkOut,161586117.0
2026-07-03T14:22:00+00:00,NetworkOut,161738857.4
2026-07-03T14:27:00+00:00,NetworkOut,162051025.4
2026-07-03T14:32:00+00:00,NetworkOut,161234625.0
2026-07-03T14:37:00+00:00,NetworkOut,161859923.4
2026-07-03T14:42:00+00:00,NetworkOut,161916843.2
2026-07-03T14:47:00+00:00,NetworkOut,161514905.0
2026-07-03T14:52:00+00:00,NetworkOut,161358108.6
2026-07-03T14:57:00+00:00,NetworkOut,161508875.8
2026-07-03T15:02:00+00:00,NetworkOut,161790961.0
2026-07-03T15:07:00+00:00,NetworkOut,161458288.8
2026-07-03T15:12:00+00:00,NetworkOut,161992800.0
2026-07-03T15:17:00+00:00,NetworkOut,161835324.6
2026-07-03T15:22:00+00:00,NetworkOut,161343025.6
2026-07-03T15:27:00+00:00,NetworkOut,161702428.8
2026-07-03T15:32:00+00:00,NetworkOut,161461316.2
2026-07-03T15:37:00+00:00,NetworkOut,161615500.8
2026-07-03T15:42:00+00:00,NetworkOut,161749932.6
2026-07-03T15:47:00+00:00,NetworkOut,161316920.4
2026-07-03T15:52:00+00:00,NetworkOut,161902136.2
2026-07-03T15:57:00+00:00,NetworkOut,161953590.8
2026-07-03T16:02:00+00:00,NetworkOut,161794921.2
2026-07-03T16:07:00+00:00,NetworkOut,161737305.6
2026-07-03T16:12:00+00:00,NetworkOut,162164076.8
2026-07-03T16:17:00+00:00,NetworkOut,161755498.4
2026-07-03T16:22:00+00:00,NetworkOut,161372244.8
2026-07-03T16:27:00+00:00,NetworkOut,161693981.0
2026-07-03T16:32:00+00:00,NetworkOut,161705059.2
2026-07-03T16:37:00+00:00,NetworkOut,161361245.0
2026-07-03T16:42:00+00:00,NetworkOut,161515810.8
2026-07-03T16:47:00+00:00,NetworkOut,162007379.6
2026-07-03T16:52:00+00:00,NetworkOut,160739583.0
2026-07-03T16:57:00+00:00,NetworkOut,161810463.8
2026-07-03T17:02:00+00:00,NetworkOut,161636590.0
2026-07-03T17:07:00+00:00,NetworkOut,162255005.0
2026-07-03T17:12:00+00:00,NetworkOut,161538296.0
2026-07-03T17:17:00+00:00,NetworkOut,161959995.2
2026-07-03T17:22:00+00:00,NetworkOut,161471811.2
2026-07-03T17:27:00+00:00,NetworkOut,161720595.2
2026-07-03T17:32:00+00:00,NetworkOut,161771897.0
2026-07-03T17:37:00+00:00,NetworkOut,161771734.4
2026-07-03T17:42:00+00:00,NetworkOut,160988840.6
2026-07-03T17:47:00+00:00,NetworkOut,161658419.4
2026-07-03T17:52:00+00:00,NetworkOut,161672795.4
2026-07-03T17:57:00+00:00,NetworkOut,161499721.8
2026-07-03T18:02:00+00:00,NetworkOut,161632093.8
2026-07-03T18:07:00+00:00,NetworkOut,161265081.4
2026-07-03T18:12:00+00:00,NetworkOut,162052673.6
2026-07-03T18:17:00+00:00,NetworkOut,161726517.2
2026-07-03T18:22:00+00:00,NetworkOut,161378151.0
2026-07-03T18:27:00+00:00,NetworkOut,161639268.0
2026-07-03T18:32:00+00:00,NetworkOut,161515721.6
2026-07-03T18:37:00+00:00,NetworkOut,161609243.0
2026-07-03T18:42:00+00:00,NetworkOut,161125713.4
2026-07-03T18:47:00+00:00,NetworkOut,162614464.4
2026-07-03T18:52:00+00:00,NetworkOut,161249513.4
2026-07-03T18:57:00+00:00,NetworkOut,161058612.0
2026-07-03T19:02:00+00:00,NetworkOut,161411530.4
2026-07-03T19:07:00+00:00,NetworkOut,161202643.6
2026-07-03T19:12:00+00:00,NetworkOut,161909673.8
2026-07-03T19:17:00+00:00,NetworkOut,162007423.8
2026-07-03T19:22:00+00:00,NetworkOut,161583314.2
2026-07-03T19:27:00+00:00,NetworkOut,161449715.2
2026-07-03T19:32:00+00:00,NetworkOut,161121587.2
2026-07-03T19:37:00+00:00,NetworkOut,161611158.2
2026-07-03T19:42:00+00:00,NetworkOut,161698818.8
2026-07-03T19:47:00+00:00,NetworkOut,161076589.2
2026-07-03T19:52:00+00:00,NetworkOut,161607141.6
2026-07-03T19:57:00+00:00,NetworkOut,161440464.2
2026-07-03T20:02:00+00:00,NetworkOut,161586038.4
2026-07-03T20:07:00+00:00,NetworkOut,161267715.2
2026-07-03T20:12:00+00:00,NetworkOut,162082702.4
2026-07-03T20:17:00+00:00,NetworkOut,161458613.8
2026-07-03T20:22:00+00:00,NetworkOut,161932452.8
2026-07-03T20:27:00+00:00,NetworkOut,161773196.6
2026-07-03T20:32:00+00:00,NetworkOut,161321994.6
2026-07-03T20:37:00+00:00,NetworkOut,161649136.4
2026-07-03T20:42:00+00:00,NetworkOut,161237894.4
2026-07-03T20:47:00+00:00,NetworkOut,161582803.2
2026-07-03T20:52:00+00:00,NetworkOut,161214712.8
2026-07-03T20:57:00+00:00,NetworkOut,161270955.6
2026-07-03T21:02:00+00:00,NetworkOut,161805499.0
2026-07-03T21:07:00+00:00,NetworkOut,161453811.0
2026-07-03T21:12:00+00:00,NetworkOut,162091885.6
2026-07-03T21:17:00+00:00,NetworkOut,161641125.6
2026-07-03T21:22:00+00:00,NetworkOut,161475352.6
2026-07-03T21:27:00+00:00,NetworkOut,161355962.8
2026-07-03T21:32:00+00:00,NetworkOut,161503412.0
2026-07-03T21:37:00+00:00,NetworkOut,161420039.2
2026-07-03T21:42:00+00:00,NetworkOut,162005197.4
2026-07-03T21:47:00+00:00,NetworkOut,161321743.2
2026-07-03T21:52:00+00:00,NetworkOut,161581159.0
2026-07-03T21:57:00+00:00,NetworkOut,161240893.2
2026-07-03T22:02:00+00:00,NetworkOut,162020125.0
2026-07-03T22:07:00+00:00,NetworkOut,161273129.0
2026-07-03T22:12:00+00:00,NetworkOut,161543556.4
2026-07-03T22:17:00+00:00,NetworkOut,161363605.0
2026-07-03T22:22:00+00:00,NetworkOut,161836333.8
2026-07-03T22:27:00+00:00,NetworkOut,161463845.4
2026-07-03T22:32:00+00:00,NetworkOut,160799595.2
2026-07-03T22:37:00+00:00,NetworkOut,161249302.0
2026-07-03T22:42:00+00:00,NetworkOut,161387720.6
2026-07-03T22:47:00+00:00,NetworkOut,162137917.4
2026-07-03T22:52:00+00:00,NetworkOut,161473618.4
2026-07-03T22:57:00+00:00,NetworkOut,161378330.8
2026-07-03T23:02:00+00:00,NetworkOut,161183793.2
2026-07-03T23:07:00+00:00,NetworkOut,162144339.2
2026-07-03T23:12:00+00:00,NetworkOut,161602454.2
2026-07-03T23:17:00+00:00,NetworkOut,161278671.4
2026-07-03T23:22:00+00:00,NetworkOut,161169393.8
2026-07-03T23:27:00+00:00,NetworkOut,160900081.2
2026-07-03T23:32:00+00:00,NetworkOut,162058764.0
2026-07-03T23:37:00+00:00,NetworkOut,161359168.2
2026-07-03T23:42:00+00:00,NetworkOut,161849931.4
2026-07-03T23:47:00+00:00,NetworkOut,161732658.6
2026-07-03T23:52:00+00:00,NetworkOut,161521002.4
2026-07-03T23:57:00+00:00,NetworkOut,161869700.4
2026-07-04T00:02:00+00:00,NetworkOut,161073467.4
2026-07-04T00:07:00+00:00,NetworkOut,161368966.0
2026-07-04T00:12:00+00:00,NetworkOut,162338791.6
2026-07-04T00:17:00+00:00,NetworkOut,161836872.0
2026-07-04T00:22:00+00:00,NetworkOut,161155603.8
2026-07-04T00:27:00+00:00,NetworkOut,161530683.6
2026-07-04T00:32:00+00:00,NetworkOut,161359180.8
2026-07-04T00:37:00+00:00,NetworkOut,161783448.8
2026-07-04T00:42:00+00:00,NetworkOut,161072950.4
2026-07-04T00:47:00+00:00,NetworkOut,161032424.2
2026-07-04T00:52:00+00:00,NetworkOut,162073233.8
2026-07-04T00:57:00+00:00,NetworkOut,160604133.0
2026-07-04T01:02:00+00:00,NetworkOut,162039881.6
2026-07-04T01:07:00+00:00,NetworkOut,161479015.4
2026-07-04T01:12:00+00:00,NetworkOut,161442084.6
2026-07-04T01:17:00+00:00,NetworkOut,161968428.8
2026-07-04T01:22:00+00:00,NetworkOut,161314914.8
2026-07-04T01:27:00+00:00,NetworkOut,161723125.2
2026-07-04T01:32:00+00:00,NetworkOut,160991440.0
2026-07-04T01:37:00+00:00,NetworkOut,161536024.8
2026-07-04T01:42:00+00:00,NetworkOut,162045176.6
2026-07-04T01:47:00+00:00,NetworkOut,161125606.8
2026-07-04T01:52:00+00:00,NetworkOut,161745092.6
2026-07-04T01:57:00+00:00,NetworkOut,161499091.0
2026-07-04T02:02:00+00:00,NetworkOut,161167646.4
2026-07-04T02:07:00+00:00,NetworkOut,161537471.8
2026-07-04T02:12:00+00:00,NetworkOut,162011968.8
2026-07-04T02:17:00+00:00,NetworkOut,161512632.0
2026-07-04T02:22:00+00:00,NetworkOut,161803203.4
2026-07-04T02:27:00+00:00,NetworkOut,161281396.6
2026-07-04T02:32:00+00:00,NetworkOut,161759138.6
2026-07-04T02:37:00+00:00,NetworkOut,161283732.6
2026-07-04T02:42:00+00:00,NetworkOut,161174895.4
2026-07-04T02:47:00+00:00,NetworkOut,161106431.2
2026-07-04T02:52:00+00:00,NetworkOut,161269163.4
2026-07-04T02:57:00+00:00,NetworkOut,161730123.0
2026-07-04T03:02:00+00:00,NetworkOut,162362971.4
2026-07-04T03:07:00+00:00,NetworkOut,161522786.0
2026-07-04T03:12:00+00:00,NetworkOut,161474764.6
2026-07-04T03:17:00+00:00,NetworkOut,162334427.4
2026-07-04T03:22:00+00:00,NetworkOut,161736893.6
2026-07-04T03:27:00+00:00,NetworkOut,161398690.4
2026-07-04T03:32:00+00:00,NetworkOut,161181477.8
2026-07-04T03:37:00+00:00,NetworkOut,161536659.4
2026-07-04T03:42:00+00:00,NetworkOut,161125741.4
2026-07-04T03:47:00+00:00,NetworkOut,161335683.8
2026-07-04T03:52:00+00:00,NetworkOut,161470753.4
2026-07-04T03:57:00+00:00,NetworkOut,161428492.8
2026-07-04T04:02:00+00:00,NetworkOut,161946099.4
2026-07-04T04:07:00+00:00,NetworkOut,161636388.6
2026-07-04T04:12:00+00:00,NetworkOut,161751521.8
2026-07-04T04:17:00+00:00,NetworkOut,161779562.6
2026-07-04T04:22:00+00:00,NetworkOut,162118210.0
2026-07-04T04:27:00+00:00,NetworkOut,161316633.2
2026-07-04T04:32:00+00:00,NetworkOut,161642136.8
2026-07-04T04:37:00+00:00,NetworkOut,161641681.6
2026-07-04T04:42:00+00:00,NetworkOut,161445834.6
2026-07-04T04:47:00+00:00,NetworkOut,161646192.4
2026-07-04T04:52:00+00:00,NetworkOut,161524897.2
2026-07-04T04:57:00+00:00,NetworkOut,161781663.6
2026-07-04T05:02:00+00:00,NetworkOut,161350382.6
2026-07-04T05:07:00+00:00,NetworkOut,161254820.2
2026-07-04T05:12:00+00:00,NetworkOut,161869733.4
2026-07-04T05:17:00+00:00,NetworkOut,161423757.0
2026-07-04T05:22:00+00:00,NetworkOut,161920149.0
2026-07-04T05:27:00+00:00,NetworkOut,160827452.0
2026-07-04T05:32:00+00:00,NetworkOut,161573570.6
2026-07-04T05:37:00+00:00,NetworkOut,161307827.2
2026-07-04T05:42:00+00:00,NetworkOut,161748379.4
2026-07-04T05:47:00+00:00,NetworkOut,161497038.2
2026-07-04T05:52:00+00:00,NetworkOut,161316554.0
2026-07-04T05:57:00+00:00,NetworkOut,161546368.8
2026-07-04T06:02:00+00:00,NetworkOut,161529250.6
2026-07-04T06:07:00+00:00,NetworkOut,161289288.0
2026-07-04T06:12:00+00:00,NetworkOut,162348403.6
2026-07-04T06:17:00+00:00,NetworkOut,161568700.6
2026-07-04T06:22:00+00:00,NetworkOut,161989240.6
2026-07-04T06:27:00+00:00,NetworkOut,161830900.2
2026-07-04T06:32:00+00:00,NetworkOut,161497909.0
2026-07-04T06:37:00+00:00,NetworkOut,160995773.4
2026-07-04T06:42:00+00:00,NetworkOut,162063971.0
2026-07-04T06:47:00+00:00,NetworkOut,161298184.2
2026-07-04T06:52:00+00:00,NetworkOut,161844692.8
2026-07-04T06:57:00+00:00,NetworkOut,161221450.8
2026-07-04T07:02:00+00:00,NetworkOut,161381942.2
2026-07-04T07:07:00+00:00,NetworkOut,162218922.0
2026-07-04T07:12:00+00:00,NetworkOut,161919423.6
2026-07-04T07:17:00+00:00,NetworkOut,161227719.0
2026-07-04T07:22:00+00:00,NetworkOut,161266629.2
2026-07-04T07:27:00+00:00,NetworkOut,161771001.6
2026-07-04T07:32:00+00:00,NetworkOut,161419549.8
2026-07-04T07:37:00+00:00,NetworkOut,161142974.2
2026-07-04T07:42:00+00:00,NetworkOut,162206746.6
2026-07-04T07:47:00+00:00,NetworkOut,161403980.8
2026-07-04T07:52:00+00:00,NetworkOut,161281456.2
2026-07-04T07:57:00+00:00,NetworkOut,161810893.6
2026-07-04T08:02:00+00:00,NetworkOut,161373008.8
2026-07-04T08:07:00+00:00,NetworkOut,161410731.2
2026-07-04T08:12:00+00:00,NetworkOut,161880403.0
2026-07-04T08:17:00+00:00,NetworkOut,161330927.0
2026-07-04T08:22:00+00:00,NetworkOut,162550416.4
2026-07-04T08:27:00+00:00,NetworkOut,161312937.2
2026-07-04T08:32:00+00:00,NetworkOut,161493426.2
2026-07-04T08:37:00+00:00,NetworkOut,162271640.0
2026-07-04T08:42:00+00:00,NetworkOut,161808801.2
2026-07-04T08:47:00+00:00,NetworkOut,160883505.2
2026-07-04T08:52:00+00:00,NetworkOut,161392116.6
2026-07-04T08:57:00+00:00,NetworkOut,162100076.4
2026-07-04T09:02:00+00:00,NetworkOut,161531111.8
2026-07-04T09:07:00+00:00,NetworkOut,161278767.2
2026-07-04T09:12:00+00:00,NetworkOut,160992487.8
2026-07-04T09:17:00+00:00,NetworkOut,161446875.8
2026-07-04T09:22:00+00:00,NetworkOut,161191551.4
2026-07-04T09:27:00+00:00,NetworkOut,161363535.0
2026-07-04T09:32:00+00:00,NetworkOut,162063467.6
2026-07-04T09:37:00+00:00,NetworkOut,161009397.8
2026-07-04T09:42:00+00:00,NetworkOut,161330575.0
2026-07-04T09:47:00+00:00,NetworkOut,161465281.0
2026-07-04T09:52:00+00:00,NetworkOut,161027378.4
2026-07-04T09:57:00+00:00,NetworkOut,161837830.0
2026-07-04T10:02:00+00:00,NetworkOut,161518575.4
2026-07-04T10:07:00+00:00,NetworkOut,161720248.0
2026-07-04T10:12:00+00:00,NetworkOut,162222384.6
2026-07-04T10:17:00+00:00,NetworkOut,161337851.0
2026-07-04T10:22:00+00:00,NetworkOut,161851592.0
2026-07-04T10:27:00+00:00,NetworkOut,161411003.8
2026-07-04T10:32:00+00:00,NetworkOut,161801012.8
2026-07-04T10:37:00+00:00,NetworkOut,160543973.8
2026-07-04T10:42:00+00:00,NetworkOut,161464752.0
2026-07-04T10:47:00+00:00,NetworkOut,161304272.2
2026-07-04T10:52:00+00:00,NetworkOut,160974866.4
2026-07-04T10:57:00+00:00,NetworkOut,161359236.2
2026-07-04T11:02:00+00:00,NetworkOut,161629725.6
2026-07-04T11:07:00+00:00,NetworkOut,161069971.2
2026-07-04T11:12:00+00:00,NetworkOut,162329439.4
2026-07-04T11:17:00+00:00,NetworkOut,162096984.8
2026-07-04T11:22:00+00:00,NetworkOut,161674212.2
2026-07-04T11:27:00+00:00,NetworkOut,161410224.6
2026-07-04T11:32:00+00:00,NetworkOut,161299321.0
2026-07-04T11:37:00+00:00,NetworkOut,161526044.8
2026-07-04T11:42:00+00:00,NetworkOut,161626969.4
2026-07-04T11:47:00+00:00,NetworkOut,161953734.8
2026-07-04T11:52:00+00:00,NetworkOut,161635960.4
2026-07-04T11:57:00+00:00,NetworkOut,161603460.2
2026-07-04T12:02:00+00:00,NetworkOut,161624553.4
2026-07-04T12:07:00+00:00,NetworkOut,162305525.2
2026-07-04T12:12:00+00:00,NetworkOut,162203694.2
2026-07-04T12:17:00+00:00,NetworkOut,161127633.2
2026-07-04T12:22:00+00:00,NetworkOut,161869621.4
2026-07-04T12:27:00+00:00,NetworkOut,161914650.4
2026-07-04T12:32:00+00:00,NetworkOut,161383280.6
2026-07-04T12:37:00+00:00,NetworkOut,161152945.2
2026-07-04T12:42:00+00:00,NetworkOut,161311755.8
2026-07-04T12:47:00+00:00,NetworkOut,161530772.6
2026-07-04T12:52:00+00:00,NetworkOut,161392087.8
2026-07-04T12:57:00+00:00,NetworkOut,161408035.2
2026-07-04T13:02:00+00:00,NetworkOut,161463654.2
2026-07-04T13:07:00+00:00,NetworkOut,161608170.2
2026-07-04T13:12:00+00:00,NetworkOut,3428843119.4
2026-07-04T13:17:00+00:00,NetworkOut,161783608.4
2026-07-04T13:22:00+00:00,NetworkOut,161313952.8
2026-07-04T13:27:00+00:00,NetworkOut,161839380.0
2026-07-04T13:32:00+00:00,NetworkOut,161692416.2
2026-07-04T13:37:00+00:00,NetworkOut,161572924.4
2026-07-04T13:42:00+00:00,NetworkOut,161517713.8
2026-07-04T13:47:00+00:00,NetworkOut,161933237.8
2026-07-04T13:52:00+00:00,NetworkOut,160993133.6
2026-07-04T13:57:00+00:00,NetworkOut,161962392.0
2026-07-04T14:02:00+00:00,NetworkOut,161324705.6
2026-07-04T14:07:00+00:00,NetworkOut,161506931.4
2026-07-04T14:12:00+00:00,NetworkOut,161863116.2
2026-07-04T14:17:00+00:00,NetworkOut,161897703.2
2026-07-04T14:22:00+00:00,NetworkOut,161287244.6
2026-07-04T14:27:00+00:00,NetworkOut,161493795.6
2026-07-04T14:32:00+00:00,NetworkOut,161746500.2
2026-07-04T14:37:00+00:00,NetworkOut,161408158.2
2026-07-04T14:42:00+00:00,NetworkOut,161476401.8
2026-07-04T14:47:00+00:00,NetworkOut,161549255.4
2026-07-04T14:52:00+00:00,NetworkOut,161453667.0
2026-07-04T14:57:00+00:00,NetworkOut,161679775.0
2026-07-04T15:02:00+00:00,NetworkOut,161501216.2
2026-07-04T15:07:00+00:00,NetworkOut,161578516.4
2026-07-04T15:12:00+00:00,NetworkOut,161826448.8
2026-07-04T15:17:00+00:00,NetworkOut,161848523.0
2026-07-04T15:22:00+00:00,NetworkOut,161636493.2
2026-07-04T15:27:00+00:00,NetworkOut,161628474.8
2026-07-04T15:32:00+00:00,NetworkOut,161391925.6
2026-07-04T15:37:00+00:00,NetworkOut,161587003.6
2026-07-04T15:42:00+00:00,NetworkOut,162113343.2
2026-07-04T15:47:00+00:00,NetworkOut,161697670.4
2026-07-04T15:52:00+00:00,NetworkOut,161899786.8
2026-07-04T15:57:00+00:00,NetworkOut,161668078.6
2026-07-04T16:02:00+00:00,NetworkOut,161812565.0
2026-07-04T16:07:00+00:00,NetworkOut,161455750.8
2026-07-04T16:12:00+00:00,NetworkOut,161609924.8
2026-07-04T16:17:00+00:00,NetworkOut,161758260.8
2026-07-04T16:22:00+00:00,NetworkOut,161539391.6
2026-07-04T16:27:00+00:00,NetworkOut,161850628.0
2026-07-04T16:32:00+00:00,NetworkOut,161118328.4
2026-07-04T16:37:00+00:00,NetworkOut,161902678.6
2026-07-04T16:42:00+00:00,NetworkOut,161863956.2
2026-07-04T16:47:00+00:00,NetworkOut,161128714.6
2026-07-04T16:52:00+00:00,NetworkOut,161888964.0
2026-07-04T16:57:00+00:00,NetworkOut,160697615.2
2026-07-04T17:02:00+00:00,NetworkOut,162592831.8
2026-07-04T17:07:00+00:00,NetworkOut,161111124.6
2026-07-04T17:12:00+00:00,NetworkOut,161524546.4
2026-07-04T17:17:00+00:00,NetworkOut,161799220.8
2026-07-04T17:22:00+00:00,NetworkOut,161319232.6
2026-07-04T17:27:00+00:00,NetworkOut,161688768.8
2026-07-04T17:32:00+00:00,NetworkOut,161348700.2
2026-07-04T17:37:00+00:00,NetworkOut,162038722.6
2026-07-04T17:42:00+00:00,NetworkOut,161793193.6
2026-07-04T17:47:00+00:00,NetworkOut,161329507.8
2026-07-04T17:52:00+00:00,NetworkOut,161636086.0
2026-07-04T17:57:00+00:00,NetworkOut,161462025.0
2026-07-04T18:02:00+00:00,NetworkOut,161724128.0
2026-07-04T18:07:00+00:00,NetworkOut,161431174.2
2026-07-04T18:12:00+00:00,NetworkOut,161940181.6
2026-07-04T18:17:00+00:00,NetworkOut,161991945.6
2026-07-04T18:22:00+00:00,NetworkOut,161568828.8
2026-07-04T18:27:00+00:00,NetworkOut,161650188.6
2026-07-04T18:32:00+00:00,NetworkOut,161559838.0
2026-07-04T18:37:00+00:00,NetworkOut,161802675.4
2026-07-04T18:42:00+00:00,NetworkOut,162054788.6
2026-07-04T18:47:00+00:00,NetworkOut,161529103.0
2026-07-04T18:52:00+00:00,NetworkOut,161533255.4
2026-07-04T18:57:00+00:00,NetworkOut,161529552.4
2026-07-04T19:02:00+00:00,NetworkOut,161705840.2
2026-07-04T19:07:00+00:00,NetworkOut,161781042.2
2026-07-04T19:12:00+00:00,NetworkOut,161348294.2
2026-07-04T19:17:00+00:00,NetworkOut,161792682.8
2026-07-04T19:22:00+00:00,NetworkOut,161655453.6
2026-07-04T19:27:00+00:00,NetworkOut,161848571.8
2026-07-04T19:32:00+00:00,NetworkOut,161984310.8
2026-07-04T19:37:00+00:00,NetworkOut,161241130.6
2026-07-04T19:42:00+00:00,NetworkOut,161925010.4
2026-07-04T19:47:00+00:00,NetworkOut,161345837.4
2026-07-04T19:52:00+00:00,NetworkOut,161447116.4
2026-07-04T19:57:00+00:00,NetworkOut,162045579.8
2026-07-04T20:02:00+00:00,NetworkOut,161192352.8
2026-07-04T20:07:00+00:00,NetworkOut,162143578.0
2026-07-04T20:12:00+00:00,NetworkOut,93314935.4
2026-07-04T20:17:00+00:00,NetworkOut,8564.2
