timestamp,thunder_rss_kb,thunder_vsz_kb,thunder_disk_used_bytes,thunder_disk_avail_bytes,thunder_log_bytes,runtimedb_bytes,count_authorization_code,count_authorization_request,count_ciba_auth_request,count_flow_context,count_webauthn_session,count_attribute_cache,count_par_request,count_jti_record,count_openid4vp_request_state,count_openid4vci_nonce,count_openid4vci_credential_offer
2026-07-03T14:17:27Z,46052,1294820,2921652224,17679392768,1591108,13683859,543,1000,0,999,0,0,0,0,0,0,0
2026-07-03T14:22:27Z,47420,1294820,2980413440,17620631552,60348480,53587091,50304,999,0,999,0,0,0,0,0,0,0
2026-07-03T14:27:28Z,48752,1294820,3039002624,17562042368,119226722,85830803,100170,1000,0,998,0,0,0,0,0,0,0
2026-07-03T14:32:28Z,47560,1295076,3097944064,17503100928,178168317,118926483,150085,998,0,997,0,0,0,0,0,0,0
2026-07-03T14:37:29Z,48152,1295076,3156733952,17444311040,236950411,149032083,199867,999,0,999,0,0,0,0,0,0,0
2026-07-03T14:42:29Z,48436,1295076,3215540224,17385504768,295754690,182348947,249669,996,0,993,0,0,0,0,0,0,0
2026-07-03T14:47:30Z,47928,1295076,3274510336,17326534656,354719183,216190099,299606,995,0,989,0,0,0,0,0,0,0
2026-07-03T14:52:30Z,48764,1295076,3333419008,17267625984,413619873,248540307,349484,996,0,992,0,0,0,0,0,0,0
2026-07-03T14:57:31Z,47944,1295076,3392126976,17208918016,472324627,278801555,399199,996,0,996,0,0,0,0,0,0,0
2026-07-03T15:02:32Z,48400,1295076,3450966016,17150078976,531164512,312978579,449025,998,0,997,0,0,0,0,0,0,0
2026-07-03T15:07:32Z,48080,1295076,3509751808,17091293184,589943906,342584467,498810,998,0,997,0,0,0,0,0,0,0
2026-07-03T15:12:33Z,48252,1295076,3568525312,17032519680,648711340,376736915,548572,998,0,996,0,0,0,0,0,0,0
2026-07-03T15:17:33Z,48908,1295076,3627347968,16973697024,707530790,406293651,598385,996,0,996,0,0,0,0,0,0,0
2026-07-03T15:22:34Z,47872,1295076,3686174720,16914870272,766355342,440904851,648205,998,0,997,0,0,0,0,0,0,0
2026-07-03T15:27:34Z,49740,1295076,3745021952,16856023040,825197698,475049107,698030,997,0,995,0,0,0,0,0,0,0
2026-07-03T15:32:35Z,47824,1295076,3803766784,16797278208,883943611,506711187,747784,995,0,995,0,0,0,0,0,0,0
2026-07-03T15:37:36Z,47616,1295076,3862597632,16738447360,942767112,537087123,797598,997,0,995,0,0,0,0,0,0,0
2026-07-03T15:42:36Z,48484,1295076,3921444864,16679600128,1001612740,570854547,847439,997,0,995,0,0,0,0,0,0,0
2026-07-03T15:47:37Z,48012,1295076,3980296192,16620748800,1060466708,604286099,897282,998,0,995,0,0,0,0,0,0,0
2026-07-03T15:52:37Z,48460,1295076,4039114752,16561930240,1119277438,631385235,947078,992,0,991,0,0,0,0,0,0,0
2026-07-03T15:57:38Z,48016,1295076,4097912832,16503132160,1178075250,664751251,996865,999,0,997,0,0,0,0,0,0,0
2026-07-03T16:02:38Z,48072,1295076,4156723200,16444321792,1236881773,699133075,1046665,997,0,994,0,0,0,0,0,0,0
2026-07-03T16:07:39Z,49356,1295076,4215631872,16385413120,1295790356,732417171,1096563,996,0,995,0,0,0,0,0,0,0
2026-07-03T16:12:40Z,48416,1295076,4274618368,16326426624,1354765695,766864531,1146500,996,0,995,0,0,0,0,0,0,0
2026-07-03T16:17:40Z,48128,1295076,4333350912,16267694080,1413501925,792906899,1196242,995,0,993,0,0,0,0,0,0,0
2026-07-03T16:22:41Z,48724,1295076,4392431616,16208613376,1472578829,827600019,1246265,998,0,995,0,0,0,0,0,0,0
2026-07-03T16:27:42Z,47916,1295076,4451110912,16149934080,1531251008,861138067,1295972,996,0,993,0,0,0,0,0,0,0
2026-07-03T16:32:42Z,47992,1295076,4509933568,16091111424,1590067953,894979219,1345771,997,0,995,0,0,0,0,0,0,0
2026-07-03T16:37:43Z,48280,1295076,4568870912,16032174080,1649005066,928074899,1395682,999,0,995,0,0,0,0,0,0,0
2026-07-03T16:42:43Z,48080,1295076,4627689472,15973355520,1707818636,963103891,1445489,1000,0,999,0,0,0,0,0,0,0
2026-07-03T16:47:44Z,48484,1295076,4686475264,15914569728,1766604493,986901651,1495280,996,0,994,0,0,0,0,0,0,0
2026-07-03T16:52:45Z,48332,1295076,4745420800,15855624192,1825535811,1020947603,1545188,996,0,995,0,0,0,0,0,0,0
2026-07-03T16:57:45Z,48232,1295076,4804169728,15796875264,1884287943,1053854867,1594934,992,0,991,0,0,0,0,0,0,0
2026-07-03T17:02:46Z,48472,1295076,4862914560,15738130432,1943031045,1087736979,1644687,995,0,994,0,0,0,0,0,0,0
2026-07-03T17:07:47Z,48312,1295076,4921868288,15679176704,2001980893,1121528979,1694603,997,0,995,0,0,0,0,0,0,0
2026-07-03T17:12:47Z,48308,1295076,4980830208,15620214784,2060944719,1154714771,1744537,997,0,995,0,0,0,0,0,0,0
2026-07-03T17:17:48Z,49280,1295076,5039509504,15561535488,2119610655,1188179091,1794220,998,0,996,0,0,0,0,0,0,0
2026-07-03T17:22:49Z,48240,1295076,5098393600,15502651392,2178494781,1210862739,1844089,997,0,995,0,0,0,0,0,0,0
2026-07-03T17:27:50Z,49208,1295076,5157330944,15443714048,2237429050,1243827347,1893995,998,0,997,0,0,0,0,0,0,0
2026-07-03T17:32:50Z,48764,1295076,5216133120,15384911872,2296231847,1277373587,1943796,998,0,996,0,0,0,0,0,0,0
2026-07-03T17:37:51Z,48068,1295076,5275082752,15325962240,2355175664,1311124627,1993717,992,0,988,0,0,0,0,0,0,0
2026-07-03T17:42:51Z,50056,1295076,5333917696,15267127296,2414004975,1344392339,2043532,994,0,993,0,0,0,0,0,0,0
2026-07-03T17:47:52Z,49096,1295076,5392699392,15208345600,2472783036,1378020499,2093313,994,0,993,0,0,0,0,0,0,0
2026-07-03T17:52:53Z,48588,1295076,5451587584,15149457408,2531672372,1411878035,2143183,998,0,998,0,0,0,0,0,0,0
2026-07-03T17:57:53Z,48056,1295076,5510385664,15090659328,2590466466,1445850259,2192973,998,0,996,0,0,0,0,0,0,0
2026-07-03T18:02:54Z,49180,1295076,5569179648,15031865344,2649256664,1479568531,2242761,994,0,992,0,0,0,0,0,0,0
2026-07-03T18:07:55Z,48076,1295076,5627961344,14973083648,2708038841,1499974803,2292539,997,0,997,0,0,0,0,0,0,0
2026-07-03T18:12:56Z,48740,1295076,5686902784,14914142208,2766976108,1533684883,2342455,998,0,998,0,0,0,0,0,0,0
2026-07-03T18:17:56Z,48560,1295076,5745725440,14855319552,2825797503,1567214739,2392271,999,0,997,0,0,0,0,0,0,0
2026-07-03T18:22:57Z,48276,1295076,5804703744,14796341248,2884768473,1601129619,2442209,992,0,990,0,0,0,0,0,0,0
2026-07-03T18:27:58Z,48024,1295076,5863575552,14737469440,2943637642,1635249299,2492065,998,0,996,0,0,0,0,0,0,0
2026-07-03T18:32:58Z,48216,1295076,5922369536,14678675456,3002427261,1669098643,2541854,997,0,996,0,0,0,0,0,0,0
2026-07-03T18:37:59Z,48544,1295076,5981224960,14619820032,3061284028,1702603923,2591700,994,0,987,0,0,0,0,0,0,0
2026-07-03T18:42:59Z,48416,1295076,6040043520,14561001472,3120090888,1736174739,2641497,992,0,989,0,0,0,0,0,0,0
2026-07-03T18:48:00Z,48392,1295076,6098784256,14502260736,3178830784,1770032275,2691246,997,0,994,0,0,0,0,0,0,0
2026-07-03T18:53:01Z,48088,1295076,6157717504,14443327488,3237761674,1803873427,2741155,999,0,997,0,0,0,0,0,0,0
2026-07-03T18:58:02Z,48788,1295076,6216597504,14384447488,3296639185,1837681811,2791017,991,0,991,0,0,0,0,0,0,0
2026-07-03T19:03:02Z,48452,1295076,6275383296,14325661696,3355424944,1861332115,2840800,998,0,996,0,0,0,0,0,0,0
2026-07-03T19:08:03Z,48172,1295076,6334119936,14266925056,3414158901,1887808659,2890545,999,0,995,0,0,0,0,0,0,0
2026-07-03T19:13:04Z,48040,1295076,6392946688,14208098304,3472980106,1921232019,2940356,999,0,997,0,0,0,0,0,0,0
2026-07-03T19:18:05Z,48056,1295076,6451855360,14149189632,3531884346,1955245203,2990243,995,0,993,0,0,0,0,0,0,0
2026-07-03T19:23:05Z,48156,1295076,6510698496,14090346496,3590724391,1988267155,3040076,998,0,994,0,0,0,0,0,0,0
2026-07-03T19:28:06Z,48056,1295076,6569660416,14031384576,3649685102,2022010003,3090006,998,0,997,0,0,0,0,0,0,0
2026-07-03T19:33:07Z,49184,1295076,6628507648,13972537344,3708527756,2055629971,3139833,994,0,992,0,0,0,0,0,0,0
2026-07-03T19:38:07Z,48452,1295076,6687264768,13913780224,3767284853,2088815763,3189597,995,0,993,0,0,0,0,0,0,0
2026-07-03T19:43:08Z,47976,1295076,6746066944,13854978048,3826087435,2122648723,3239389,999,0,995,0,0,0,0,0,0,0
2026-07-03T19:48:09Z,47964,1295076,6805041152,13796003840,3885053514,2156227731,3289329,996,0,996,0,0,0,0,0,0,0
2026-07-03T19:53:09Z,48032,1295076,6863761408,13737283584,3943770216,2189577363,3339054,994,0,989,0,0,0,0,0,0,0
2026-07-03T19:58:10Z,48252,1295076,6922539008,13678505984,4002547241,2223107219,3388837,999,0,997,0,0,0,0,0,0,0
2026-07-03T20:03:11Z,47804,1295076,6981455872,13619589120,4061462396,2256817299,3438727,998,0,996,0,0,0,0,0,0,0
2026-07-03T20:08:12Z,48356,1295076,7040237568,13560807424,4120238502,2290289811,3488504,995,0,994,0,0,0,0,0,0,0
2026-07-03T20:13:12Z,48148,1295076,7099064320,13501980672,4179066770,2316356755,3538334,995,0,995,0,0,0,0,0,0,0
2026-07-03T20:18:13Z,48300,1295076,7157874688,13443170304,4237869920,2336517267,3588123,998,0,994,0,0,0,0,0,0,0
2026-07-03T20:23:14Z,48380,1295076,7216713728,13384331264,4296706978,2369744019,3637959,997,0,994,0,0,0,0,0,0,0
2026-07-03T20:28:15Z,48208,1295076,7275651072,13325393920,4355639537,2402987155,3687863,997,0,995,0,0,0,0,0,0,0
2026-07-03T20:33:15Z,48284,1295076,7334596608,13266448384,4414576539,2436549779,3737774,997,0,996,0,0,0,0,0,0,0
2026-07-03T20:38:16Z,48020,1295076,7393525760,13207519232,4473498642,2469956755,3787676,999,0,997,0,0,0,0,0,0,0
2026-07-03T20:43:17Z,49456,1295076,7452344320,13148700672,4532318124,2503347347,3837490,996,0,995,0,0,0,0,0,0,0
2026-07-03T20:48:18Z,48528,1295076,7511277568,13089767424,4591247959,2536778899,3887396,994,0,991,0,0,0,0,0,0,0
2026-07-03T20:53:18Z,48068,1295076,7569895424,13031149568,4649864210,2570423443,3937041,993,0,991,0,0,0,0,0,0,0
2026-07-03T20:58:19Z,48460,1295076,7628652544,12972392448,4708617857,2603682963,3986792,997,0,993,0,0,0,0,0,0,0
2026-07-03T21:03:20Z,48040,1295076,7687528448,12913516544,4767489602,2637008019,4036656,996,0,995,0,0,0,0,0,0,0
2026-07-03T21:08:20Z,49200,1295076,7746453504,12854591488,4826415800,2670496915,4086549,1000,0,999,0,0,0,0,0,0,0
2026-07-03T21:13:21Z,48088,1295076,7805313024,12795731968,4885270256,2703977619,4136395,999,0,997,0,0,0,0,0,0,0
2026-07-03T21:18:22Z,47976,1295076,7864258560,12736786432,4944216672,2737597587,4186316,998,0,995,0,0,0,0,0,0,0
2026-07-03T21:23:23Z,48168,1295076,7923019776,12678025216,5002971814,2771217555,4236074,993,0,988,0,0,0,0,0,0,0
2026-07-03T21:28:23Z,50588,1295076,7981957120,12619087872,5061905652,2805189779,4285985,994,0,992,0,0,0,0,0,0,0
2026-07-03T21:33:24Z,51496,1295076,8040734720,12560310272,5120678059,2838580371,4335775,998,0,996,0,0,0,0,0,0,0
2026-07-03T21:38:25Z,48288,1295076,8099549184,12501495808,5179492010,2872183955,4385566,994,0,991,0,0,0,0,0,0,0
2026-07-03T21:43:26Z,48244,1295076,8158449664,12442595328,5238391716,2891066515,4435450,996,0,991,0,0,0,0,0,0,0
2026-07-03T21:48:27Z,48232,1295076,8217513984,12383531008,5297449702,2914364563,4485463,996,0,995,0,0,0,0,0,0,0
2026-07-03T21:53:28Z,48252,1295076,8276398080,12324646912,5356331574,2947656851,4535328,995,0,995,0,0,0,0,0,0,0
2026-07-03T21:58:29Z,48368,1295076,8335400960,12265644032,5415332524,2981571731,4585291,993,0,989,0,0,0,0,0,0,0
2026-07-03T22:03:29Z,49240,1295076,8394067968,12206977024,5473994916,3015240851,4634973,1000,0,997,0,0,0,0,0,0,0
2026-07-03T22:08:30Z,49176,1295076,8452956160,12148088832,5532881696,3049221267,4684845,995,0,994,0,0,0,0,0,0,0
2026-07-03T22:13:31Z,48276,1295076,8511754240,12089290752,5591672492,3082824851,4734648,998,0,997,0,0,0,0,0,0,0
2026-07-03T22:18:32Z,48132,1295076,8570560512,12030484480,5650479984,3116518547,4784434,996,0,994,0,0,0,0,0,0,0
2026-07-03T22:23:32Z,49716,1295076,8629366784,11971678208,5709280027,3150187667,4834233,999,0,999,0,0,0,0,0,0,0
2026-07-03T22:28:33Z,48476,1295076,8688222208,11912822784,5768130025,3183963283,4884080,994,0,992,0,0,0,0,0,0,0
2026-07-03T22:33:34Z,48360,1295076,8747155456,11853889536,5827065221,3217902739,4933988,994,0,994,0,0,0,0,0,0,0
2026-07-03T22:38:35Z,48052,1295076,8805765120,11795279872,5885667736,3251612819,4983613,998,0,996,0,0,0,0,0,0,0
2026-07-03T22:43:36Z,48608,1295076,8864563200,11736481792,5944466697,3285224595,5033422,997,0,995,0,0,0,0,0,0,0
2026-07-03T22:48:36Z,48208,1295076,8923451392,11677593600,6003344503,3318869139,5083273,995,0,991,0,0,0,0,0,0,0
2026-07-03T22:53:37Z,48636,1295076,8982409216,11618635776,6062300569,3352734867,5133200,997,0,997,0,0,0,0,0,0,0
2026-07-03T22:58:38Z,48428,1295076,9041235968,11559809024,6121123770,3386207379,5183018,995,0,993,0,0,0,0,0,0,0
2026-07-03T23:03:39Z,48248,1295076,9100152832,11500892160,6180041382,3419950227,5232911,995,0,993,0,0,0,0,0,0,0
2026-07-03T23:08:40Z,48208,1295076,9158950912,11442094080,6238835637,3453701267,5282705,999,0,998,0,0,0,0,0,0,0
2026-07-03T23:13:40Z,48476,1295076,9217904640,11383140352,6297787476,3487665299,5332630,998,0,996,0,0,0,0,0,0,0
2026-07-03T23:18:41Z,48192,1295076,9276698624,11324346368,6356574242,3521481875,5382421,998,0,998,0,0,0,0,0,0,0
2026-07-03T23:23:42Z,47964,1295076,9335525376,11265519616,6415401489,3554962579,5432237,998,0,997,0,0,0,0,0,0,0
2026-07-03T23:28:43Z,48936,1295076,9394315264,11206729728,6474187272,3588697235,5482018,998,0,996,0,0,0,0,0,0,0
2026-07-03T23:33:44Z,48724,1295076,9453031424,11148013568,6532903426,3608611987,5531750,995,0,986,0,0,0,0,0,0,0
2026-07-03T23:38:45Z,48200,1295076,9511931904,11089113088,6591795049,3624438931,5581626,1000,0,999,0,0,0,0,0,0,0
2026-07-03T23:43:46Z,48360,1295076,9570906112,11030138880,6650768673,3657378963,5631567,993,0,989,0,0,0,0,0,0,0
2026-07-03T23:48:47Z,48024,1295076,9629900800,10971144192,6709762587,3690753171,5681527,999,0,996,0,0,0,0,0,0,0
2026-07-03T23:53:47Z,48648,1295076,9688875008,10912169984,6768734920,3724627091,5731477,997,0,995,0,0,0,0,0,0,0
2026-07-03T23:58:48Z,48208,1295076,9873788928,10727256064,6827569662,3757706387,5781292,996,0,993,0,0,0,0,0,0,0
2026-07-04T00:03:49Z,48388,1295076,9933365248,10667679744,6886433671,3792006291,5831143,990,0,986,0,0,0,0,0,0,0
2026-07-04T00:08:50Z,49772,1295076,9992155136,10608889856,6945220461,3824929939,5880931,996,0,996,0,0,0,0,0,0,0
2026-07-04T00:13:51Z,50496,1295076,10051018752,10550026240,7004075257,3858844819,5930771,1000,0,1000,0,0,0,0,0,0,0
2026-07-04T00:18:52Z,48164,1295076,10110074880,10490970112,7063133065,3892645011,5980788,994,0,992,0,0,0,0,0,0,0
2026-07-04T00:23:52Z,48468,1295076,10169028608,10432016384,7122082183,3926060179,6030717,997,0,996,0,0,0,0,0,0,0
2026-07-04T00:28:53Z,48020,1295076,10227888128,10373156864,7180938732,3959934099,6080552,995,0,995,0,0,0,0,0,0,0
2026-07-04T00:33:54Z,48332,1295076,10286657536,10314387456,7239705740,3993554067,6130319,1000,0,994,0,0,0,0,0,0,0
2026-07-04T00:38:55Z,48072,1295076,10345521152,10255523840,7298566551,4025969811,6180172,995,0,995,0,0,0,0,0,0,0
2026-07-04T00:43:56Z,48320,1295076,10412720128,10188324864,7357374374,4060753043,6229979,997,0,996,0,0,0,0,0,0,0
2026-07-04T00:48:57Z,48924,1295076,10471497728,10129547264,7416149732,4093840531,6279748,995,0,991,0,0,0,0,0,0,0
2026-07-04T00:53:57Z,49232,1295076,10530308096,10070736896,7474951464,4127313043,6329551,995,0,993,0,0,0,0,0,0,0
2026-07-04T00:58:58Z,48648,1295076,10589282304,10011762688,7533924840,4161072275,6379493,998,0,996,0,0,0,0,0,0,0
2026-07-04T01:03:59Z,49264,1295076,10647977984,9953067008,7592617117,4194487443,6429198,998,0,996,0,0,0,0,0,0,0
2026-07-04T01:09:00Z,48192,1295076,10706890752,9894154240,7651529442,4228033683,6479087,994,0,989,0,0,0,0,0,0,0
2026-07-04T01:14:01Z,48508,1295076,10765815808,9835229184,7710443153,4261670035,6528987,1000,0,997,0,0,0,0,0,0,0
2026-07-04T01:19:02Z,48196,1295076,10824667136,9776377856,7769294199,4295412883,6578824,998,0,996,0,0,0,0,0,0,0
2026-07-04T01:24:03Z,48080,1295076,10883579904,9717465088,7828200476,4328926355,6628710,996,0,993,0,0,0,0,0,0,0
2026-07-04T01:29:04Z,48296,1295076,10942484480,9658560512,7887098083,4362316947,6678598,995,0,990,0,0,0,0,0,0,0
2026-07-04T01:34:05Z,49632,1295076,11001339904,9599705088,7945950116,4395854995,6728433,1000,0,998,0,0,0,0,0,0,0
2026-07-04T01:39:05Z,48232,1295076,11060129792,9540915200,8004738099,4429409427,6778217,998,0,996,0,0,0,0,0,0,0
2026-07-04T01:44:06Z,48284,1295076,11119046656,9481998336,8063650039,4461489299,6828111,994,0,990,0,0,0,0,0,0,0
2026-07-04T01:49:07Z,48224,1295076,11178024960,9423020032,8122629690,4496034963,6878058,998,0,995,0,0,0,0,0,0,0
2026-07-04T01:54:08Z,47952,1295076,11236827136,9364217856,8181424702,4508421267,6927849,982,0,979,0,0,0,0,0,0,0
2026-07-04T01:59:09Z,49256,1295076,11295903744,9305141248,8240500736,4524780691,6977879,997,0,997,0,0,0,0,0,0,0
2026-07-04T02:04:11Z,48276,1295076,11354718208,9246326784,8299313824,4556885139,7027692,997,0,993,0,0,0,0,0,0,0
2026-07-04T02:09:11Z,48360,1295076,11413577728,9187467264,8358171706,4590038163,7077540,999,0,995,0,0,0,0,0,0,0
2026-07-04T02:14:12Z,48116,1295076,11472449536,9128595456,8417039523,4623527059,7127396,997,0,996,0,0,0,0,0,0,0
2026-07-04T02:19:13Z,48160,1295076,11531411456,9069633536,8475993594,4655778963,7177320,996,0,995,0,0,0,0,0,0,0
2026-07-04T02:24:14Z,48520,1295076,11590176768,9010868224,8534759624,4690504851,7227082,998,0,997,0,0,0,0,0,0,0
2026-07-04T02:29:15Z,48668,1295076,11649208320,8951836672,8593790064,4723920019,7277077,1000,0,998,0,0,0,0,0,0,0
2026-07-04T02:34:16Z,48332,1295076,11708063744,8892981248,8652636005,4757261459,7326913,999,0,997,0,0,0,0,0,0,0
2026-07-04T02:39:17Z,48516,1295076,11766910976,8834134016,8711479895,4790406291,7376746,988,0,987,0,0,0,0,0,0,0
2026-07-04T02:44:18Z,50584,1295076,11825745920,8775299072,8770313859,4823837843,7426571,997,0,995,0,0,0,0,0,0,0
2026-07-04T02:49:19Z,47952,1295076,11884548096,8716496896,8829106158,4857015443,7476361,998,0,994,0,0,0,0,0,0,0
2026-07-04T02:54:19Z,47504,1295076,11943346176,8657698816,8887903876,4890430611,7526153,999,0,997,0,0,0,0,0,0,0
2026-07-04T02:59:20Z,48892,1295076,12002013184,8599031808,8946562804,4923935891,7575830,995,0,993,0,0,0,0,0,0,0
2026-07-04T03:04:21Z,48116,1295076,12060966912,8540078080,9005519212,4957375635,7625758,995,0,994,0,0,0,0,0,0,0
2026-07-04T03:09:22Z,48556,1295076,12119961600,8481083392,9064507429,4990798995,7675717,996,0,994,0,0,0,0,0,0,0
2026-07-04T03:14:23Z,50528,1295076,12178849792,8422195200,9123396534,5024541843,7725590,996,0,994,0,0,0,0,0,0,0
2026-07-04T03:19:24Z,48836,1295076,12237705216,8363339776,9182246665,5057989779,7775434,997,0,997,0,0,0,0,0,0,0
2026-07-04T03:24:25Z,48912,1295076,12296794112,8304250880,9241333246,5091421331,7825469,998,0,998,0,0,0,0,0,0,0
2026-07-04T03:29:26Z,48140,1295076,12355657728,8245387264,9300193680,5124910227,7875316,997,0,995,0,0,0,0,0,0,0
2026-07-04T03:34:27Z,48412,1295076,12414590976,8186454016,9359127000,5158874259,7925222,998,0,998,0,0,0,0,0,0,0
2026-07-04T03:39:28Z,48748,1295076,12473331712,8127713280,9417868963,5192060051,7974971,997,0,997,0,0,0,0,0,0,0
2026-07-04T03:44:29Z,48324,1295076,12532260864,8068784128,9476787674,5225565331,8024870,996,0,993,0,0,0,0,0,0,0
2026-07-04T03:49:30Z,48088,1295076,12591067136,8009977856,9535592564,5258800275,8074669,993,0,991,0,0,0,0,0,0,0
2026-07-04T03:54:31Z,49224,1295076,12649885696,7951159296,9594409921,5292829843,8124481,995,0,990,0,0,0,0,0,0,0
2026-07-04T03:59:32Z,48960,1295076,12708827136,7892217856,9653347533,5326072979,8174395,997,0,996,0,0,0,0,0,0,0
2026-07-04T04:04:33Z,48092,1295076,12767707136,7833337856,9712220248,5359791251,8224251,999,0,996,0,0,0,0,0,0,0
2026-07-04T04:09:34Z,48996,1295076,12826595328,7774449664,9771109436,5393394835,8274128,999,0,997,0,0,0,0,0,0,0
2026-07-04T04:14:34Z,48440,1295076,12885491712,7715553280,9830000836,5426891923,8324001,998,0,996,0,0,0,0,0,0,0
2026-07-04T04:19:35Z,48444,1295076,12944318464,7656726528,9888827833,5460552851,8373820,996,0,991,0,0,0,0,0,0,0
2026-07-04T04:24:36Z,48540,1295076,13003345920,7597699072,9947850438,5494230163,8423808,997,0,997,0,0,0,0,0,0,0
2026-07-04T04:29:37Z,48236,1295076,13062287360,7538757632,10006791006,5527702675,8473721,995,0,994,0,0,0,0,0,0,0
2026-07-04T04:34:38Z,48368,1295076,13121122304,7479922688,10065621654,5561257107,8523546,996,0,990,0,0,0,0,0,0,0
2026-07-04T04:39:39Z,48320,1295076,13180018688,7421026304,10124517423,5595262099,8573417,997,0,995,0,0,0,0,0,0,0
2026-07-04T04:44:40Z,48988,1295076,13239033856,7362011136,10183530094,5620812947,8623393,998,0,996,0,0,0,0,0,0,0
2026-07-04T04:49:41Z,48644,1295076,13297897472,7303147520,10242390516,5632068755,8673241,994,0,992,0,0,0,0,0,0,0
2026-07-04T04:54:43Z,48232,1295076,13356994560,7244050432,10301479443,5647445139,8723285,997,0,997,0,0,0,0,0,0,0
2026-07-04T04:59:44Z,48480,1295076,13415968768,7185076224,10360450641,5679942803,8773225,996,0,995,0,0,0,0,0,0,0
2026-07-04T05:04:45Z,48408,1295076,13474820096,7126224896,10419302442,5713210515,8823073,997,0,997,0,0,0,0,0,0,0
2026-07-04T05:09:46Z,48008,1295076,13533724672,7067320320,10478204091,5746846867,8872953,1000,0,999,0,0,0,0,0,0,0
2026-07-04T05:14:47Z,48060,1295076,13592559616,7008485376,10537033138,5780614291,8922770,998,0,997,0,0,0,0,0,0,0
2026-07-04T05:19:48Z,48584,1295076,13651505152,6949539840,10595972945,5814684819,8972688,997,0,996,0,0,0,0,0,0,0
2026-07-04T05:24:49Z,48168,1295076,13710381056,6890663936,10654851453,5847936147,9022547,998,0,997,0,0,0,0,0,0,0
2026-07-04T05:29:50Z,48080,1295076,13769347072,6831697920,10713814024,5881408659,9072482,996,0,994,0,0,0,0,0,0,0
2026-07-04T05:34:51Z,48408,1295076,13828009984,6773035008,10772471004,5915217043,9122163,998,0,995,0,0,0,0,0,0,0
2026-07-04T05:39:52Z,49736,1295076,13886959616,6714085376,10831415509,5949172883,9172074,999,0,999,0,0,0,0,0,0,0
2026-07-04T05:44:53Z,48424,1295076,13945786368,6655258624,10890244377,5983112339,9221901,995,0,988,0,0,0,0,0,0,0
2026-07-04T05:49:54Z,48444,1295076,14004641792,6596403200,10949095349,6017199251,9271736,998,0,995,0,0,0,0,0,0,0
2026-07-04T05:54:55Z,48276,1295076,14063620096,6537424896,11008067376,6050999443,9321674,995,0,993,0,0,0,0,0,0,0
2026-07-04T05:59:56Z,48892,1295076,14122434560,6478610432,11066878958,6084398227,9371489,999,0,996,0,0,0,0,0,0,0
2026-07-04T06:04:57Z,48328,1295076,14181425152,6419619840,11125870721,6118034579,9421447,998,0,998,0,0,0,0,0,0,0
2026-07-04T06:09:58Z,49504,1295076,14240391168,6360653824,11184831205,6151621779,9471384,994,0,989,0,0,0,0,0,0,0
2026-07-04T06:14:59Z,47988,1295076,14299299840,6301745152,11243733274,6185208979,9521258,998,0,995,0,0,0,0,0,0,0
2026-07-04T06:20:00Z,49344,1295076,14358253568,6242791424,11302681327,6219074707,9571187,997,0,996,0,0,0,0,0,0,0
2026-07-04T06:25:01Z,49956,1295076,14674972672,5926072320,11361568373,6252833939,9621046,994,0,990,0,0,0,0,0,0,0
2026-07-04T06:30:02Z,49220,1295076,15319236608,5281808384,11420293530,6286527635,9670725,990,0,987,0,0,0,0,0,0,0
2026-07-04T06:35:03Z,48952,1295076,15054233600,5546811392,11479155782,6320368787,9720571,996,0,994,0,0,0,0,0,0,0
2026-07-04T06:40:04Z,48136,1295076,15113084928,5487960064,11538003148,6353890451,9770403,998,0,996,0,0,0,0,0,0,0
2026-07-04T06:45:05Z,48120,1295076,15171964928,5429080064,11596878120,6387936403,9820265,1000,0,997,0,0,0,0,0,0,0
2026-07-04T06:50:06Z,48612,1295076,15230894080,5370150912,11655806718,6421671059,9870170,998,0,997,0,0,0,0,0,0,0
2026-07-04T06:55:07Z,48556,1295076,15289831424,5311213568,11714740701,6455807123,9920079,997,0,995,0,0,0,0,0,0,0
2026-07-04T07:00:08Z,49148,1295076,15348764672,5252280320,11773668590,6489500819,9969989,999,0,997,0,0,0,0,0,0,0
2026-07-04T07:05:09Z,48836,1295076,15407656960,5193388032,11832556871,6523423891,10019860,997,0,996,0,0,0,0,0,0,0
2026-07-04T07:10:10Z,48060,1295076,15466594304,5134450688,11891496504,6556847251,10069772,998,0,996,0,0,0,0,0,0,0
2026-07-04T07:15:11Z,48080,1295076,15525584896,5075460096,11950482165,6590418067,10119740,998,0,997,0,0,0,0,0,0,0
2026-07-04T07:20:12Z,48308,1295076,15584579584,5016465408,12009471353,6624300179,10169682,999,0,998,0,0,0,0,0,0,0
2026-07-04T07:25:13Z,49068,1295076,15643492352,4957552640,12068380774,6658010259,10219575,999,0,998,0,0,0,0,0,0,0
2026-07-04T07:30:14Z,48128,1295076,15702331392,4898713600,12127220247,6692072595,10269401,994,0,992,0,0,0,0,0,0,0
2026-07-04T07:35:15Z,48816,1295076,15761186816,4839858176,12186071697,6725930131,10319247,998,0,996,0,0,0,0,0,0,0
2026-07-04T07:40:17Z,47984,1295076,15820111872,4780933120,12244992354,6760000659,10369142,996,0,994,0,0,0,0,0,0,0
2026-07-04T07:45:18Z,48128,1295076,15879012352,4722032640,12303886903,6793284755,10419023,997,0,996,0,0,0,0,0,0,0
2026-07-04T07:50:19Z,48928,1295076,15937986560,4663058432,12362861869,6827560083,10468968,995,0,992,0,0,0,0,0,0,0
2026-07-04T07:55:20Z,48268,1295076,15996973056,4604071936,12421846379,6861425811,10518923,997,0,996,0,0,0,0,0,0,0
2026-07-04T08:00:21Z,48152,1295076,16055824384,4545220608,12480697013,6894709907,10568754,998,0,997,0,0,0,0,0,0,0
2026-07-04T08:05:22Z,48400,1295076,16114868224,4486176768,12539734529,6928460947,10618754,999,0,999,0,0,0,0,0,0,0
2026-07-04T08:10:23Z,47724,1295076,16173809664,4427235328,12598671645,6962138259,10668670,999,0,997,0,0,0,0,0,0,0
2026-07-04T08:15:24Z,48568,1295076,16232689664,4368355328,12657551798,6995676307,10718537,999,0,997,0,0,0,0,0,0,0
2026-07-04T08:20:25Z,48800,1295076,16291639296,4309405696,12716498533,7025962131,10768449,995,0,995,0,0,0,0,0,0,0
2026-07-04T08:25:26Z,48980,1295076,16350527488,4250517504,12775387450,7038880915,10818328,999,0,999,0,0,0,0,0,0,0
2026-07-04T08:30:27Z,48288,1295076,16409608192,4191436800,12834460488,7049981075,10868352,998,0,996,0,0,0,0,0,0,0
2026-07-04T08:35:29Z,48484,1295076,16468578304,4132466688,12893430221,7069953171,10918295,993,0,992,0,0,0,0,0,0,0
2026-07-04T08:40:30Z,48380,1295076,16527675392,4073369600,12952520801,7102639251,10968339,996,0,992,0,0,0,0,0,0,0
2026-07-04T08:45:31Z,48552,1295076,16586764288,4014280704,13011610843,7135595667,11018379,999,0,996,0,0,0,0,0,0,0
2026-07-04T08:50:32Z,48708,1295076,16645660672,3955384320,13070498702,7168806035,11068249,995,0,991,0,0,0,0,0,0,0
2026-07-04T08:55:33Z,49052,1295076,16704557056,3896487936,13129394451,7202081939,11118130,1000,0,998,0,0,0,0,0,0,0
2026-07-04T09:00:34Z,48188,1295076,16763473920,3837571072,13188306312,7235480723,11168024,995,0,994,0,0,0,0,0,0,0
2026-07-04T09:05:35Z,48296,1295076,16822374400,3778670592,13247206287,7269125267,11217906,996,0,995,0,0,0,0,0,0,0
2026-07-04T09:10:37Z,48592,1295076,16881340416,3719704576,13306160743,7302655123,11267829,1000,0,1000,0,0,0,0,0,0,0
2026-07-04T09:15:38Z,48436,1295076,16940105728,3660939264,13364930287,7336176787,11317598,999,0,996,0,0,0,0,0,0,0
2026-07-04T09:20:39Z,48432,1295076,16998912000,3602132992,13423730085,7369469075,11367397,996,0,995,0,0,0,0,0,0,0
2026-07-04T09:25:40Z,48320,1295076,17057701888,3543343104,13482518465,7403056275,11417198,999,0,996,0,0,0,0,0,0,0
2026-07-04T09:30:41Z,48144,1295076,17116712960,3484332032,13541524011,7437020307,11467153,996,0,994,0,0,0,0,0,0,0
2026-07-04T09:35:42Z,48816,1295076,17175502848,3425542144,13600312267,7470468243,11516946,1000,0,998,0,0,0,0,0,0,0
2026-07-04T09:40:43Z,48740,1295076,17234427904,3366617088,13659239973,7503998099,11566843,996,0,993,0,0,0,0,0,0,0
2026-07-04T09:45:44Z,48088,1295076,17293193216,3307851776,13717999969,7537749139,11616608,995,0,994,0,0,0,0,0,0,0
2026-07-04T09:50:45Z,48620,1295076,17352138752,3248906240,13776942629,7571385491,11666523,997,0,997,0,0,0,0,0,0,0
2026-07-04T09:55:47Z,48572,1295076,17411112960,3189932032,13835910729,7604776083,11716461,999,0,998,0,0,0,0,0,0,0
2026-07-04T10:00:48Z,48164,1295076,17469865984,3131179008,13894663192,7638133907,11766227,999,0,998,0,0,0,0,0,0,0
2026-07-04T10:05:49Z,47944,1295076,17528868864,3072176128,13953662793,7671983251,11816184,996,0,995,0,0,0,0,0,0,0
2026-07-04T10:10:50Z,47860,1295076,17587843072,3013201920,14012637148,7705316499,11866133,994,0,993,0,0,0,0,0,0,0
2026-07-04T10:15:51Z,48456,1295076,17646825472,2954219520,14071614342,7738879123,11916077,997,0,995,0,0,0,0,0,0,0
2026-07-04T10:20:52Z,48128,1295076,17705820160,2895224832,14130606196,7772368019,11966034,998,0,997,0,0,0,0,0,0,0
2026-07-04T10:25:53Z,49284,1295076,17764777984,2836267008,14189564626,7806200979,12015970,997,0,996,0,0,0,0,0,0,0
2026-07-04T10:30:55Z,48380,1295076,17823809536,2777235456,14248592631,7839992979,12065956,997,0,997,0,0,0,0,0,0,0
2026-07-04T10:35:56Z,48632,1295076,17882710016,2718334976,14307489490,7873334419,12115835,997,0,997,0,0,0,0,0,0,0
2026-07-04T10:40:57Z,48364,1295076,17941655552,2659389440,14366433718,7906856083,12165759,995,0,994,0,0,0,0,0,0,0
2026-07-04T10:45:58Z,48856,1295076,18000400384,2600644608,14425171816,7940377747,12215497,998,0,996,0,0,0,0,0,0,0
2026-07-04T10:50:59Z,48084,1295076,18059182080,2541862912,14483949178,7974161555,12265275,998,0,996,0,0,0,0,0,0,0
2026-07-04T10:56:00Z,48284,1295076,18117976064,2483068928,14542744818,8007822483,12315070,997,0,995,0,0,0,0,0,0,0
2026-07-04T11:01:02Z,48312,1295076,18176827392,2424217600,14601594540,8041360531,12364905,998,0,992,0,0,0,0,0,0,0
2026-07-04T11:06:03Z,48576,1295076,18235711488,2365333504,14660473352,8075422867,12414770,997,0,997,0,0,0,0,0,0,0
2026-07-04T11:11:04Z,48380,1295076,18294710272,2306334720,14719468769,8109296787,12464736,1000,0,998,0,0,0,0,0,0,0
2026-07-04T11:16:05Z,49380,1295076,18353688576,2247356416,14778436865,8143072403,12514674,998,0,996,0,0,0,0,0,0,0
2026-07-04T11:21:06Z,48492,1295076,18412732416,2188312576,14837478010,8176594067,12564672,996,0,996,0,0,0,0,0,0,0
2026-07-04T11:26:08Z,48288,1295076,18471849984,2129195008,14896589397,8210443411,12614733,999,0,999,0,0,0,0,0,0,0
2026-07-04T11:31:09Z,49028,1295076,18530799616,2070245376,14955536740,8244251795,12664657,995,0,993,0,0,0,0,0,0,0
2026-07-04T11:36:10Z,50096,1295076,18589663232,2011381760,15014401033,8277904531,12714505,996,0,995,0,0,0,0,0,0,0
2026-07-04T11:41:11Z,48816,1295076,18648424448,1952620544,15073155814,8311393427,12764266,998,0,995,0,0,0,0,0,0,0
2026-07-04T11:46:12Z,48264,1295076,18707558400,1893486592,15132286321,8344792211,12814340,993,0,993,0,0,0,0,0,0,0
2026-07-04T11:51:14Z,48236,1295076,18766483456,1834561536,15191205102,8378371219,12864245,995,0,995,0,0,0,0,0,0,0
2026-07-04T11:56:15Z,48184,1295076,18825555968,1775489024,15250280562,8411966611,12914271,998,0,998,0,0,0,0,0,0,0
2026-07-04T12:01:16Z,48808,1295076,18884448256,1716596736,15309168325,8445414547,12964150,999,0,999,0,0,0,0,0,0,0
2026-07-04T12:06:17Z,48440,1295076,18943635456,1657409536,15368353587,8479288467,13014258,996,0,991,0,0,0,0,0,0,0
2026-07-04T12:11:19Z,48392,1295076,19002646528,1598398464,15427363109,8513186963,13064239,999,0,999,0,0,0,0,0,0,0
2026-07-04T12:16:20Z,48932,1295076,19061809152,1539235840,15486522348,8546921619,13114331,993,0,991,0,0,0,0,0,0,0
2026-07-04T12:21:21Z,48340,1295076,19120779264,1480265728,15545488830,8582622355,13164274,999,0,999,0,0,0,0,0,0,0
2026-07-04T12:26:22Z,48288,1295076,19179683840,1421361152,15604392360,8614317203,13214160,996,0,994,0,0,0,0,0,0,0
2026-07-04T12:31:24Z,49532,1295076,19238830080,1362214912,15663535451,8648101011,13264246,1000,0,998,0,0,0,0,0,0,0
2026-07-04T12:36:25Z,48332,1295076,19297746944,1303298048,15722445280,8681876627,13314139,998,0,997,0,0,0,0,0,0,0
2026-07-04T12:41:26Z,48256,1295076,19356708864,1244336128,15781405917,8715431059,13364069,994,0,992,0,0,0,0,0,0,0
2026-07-04T12:46:28Z,48428,1295076,19415638016,1185406976,15840331728,8748747923,13413968,1000,0,999,0,0,0,0,0,0,0
2026-07-04T12:51:29Z,49488,1360940,19474444288,1126600704,15899138690,8782220435,13463775,998,0,996,0,0,0,0,0,0,0
2026-07-04T12:56:29Z,49388,1360940,19533254656,1067790336,15957942949,8794254483,13513572,996,0,996,0,0,0,0,0,0,0
2026-07-04T13:01:31Z,49100,1360940,19592073216,1008971776,16016760484,8805526675,13563384,997,0,997,0,0,0,0,0,0,0
2026-07-04T13:06:32Z,49168,1360940,19651043328,950001664,16075725116,8816020627,13613331,998,0,998,0,0,0,0,0,0,0
2026-07-04T13:11:33Z,49368,1360940,19709833216,891211776,16134505666,8839867539,13663100,996,0,989,0,0,0,0,0,0,0
2026-07-04T13:16:34Z,52528,1360940,19768815616,832229376,16193482390,8872234131,13713046,998,0,997,0,0,0,0,0,0,0
2026-07-04T13:21:35Z,48820,1360940,19827814400,773230592,16252476803,8904846483,13763002,995,0,993,0,0,0,0,0,0,0
2026-07-04T13:26:37Z,50264,1360940,3593957376,17007087616,16311486762,8937942163,13812981,995,0,994,0,0,0,0,0,0,0
2026-07-04T13:31:38Z,49704,1360940,3652907008,16948137984,16370434189,8971168915,13862903,999,0,998,0,0,0,0,0,0,0
2026-07-04T13:36:39Z,49668,1360940,3711848448,16889196544,16429364688,9004420243,13912808,996,0,993,0,0,0,0,0,0,0
2026-07-04T13:41:40Z,49996,1360940,3770863616,16830181376,16488382792,9037868179,13962788,993,0,990,0,0,0,0,0,0,0
2026-07-04T13:46:42Z,50644,1360940,3829866496,16771178496,16547380515,9071529107,14012754,998,0,997,0,0,0,0,0,0,0
2026-07-04T13:51:43Z,49620,1360940,3888799744,16712245248,16606311693,9105337491,14062659,996,0,994,0,0,0,0,0,0,0
2026-07-04T13:56:44Z,50508,1360940,3947880448,16653164544,16665388596,9138826387,14112697,1000,0,999,0,0,0,0,0,0,0
2026-07-04T14:01:46Z,51856,1360940,4006731776,16594313216,16724235498,9172372627,14162532,995,0,993,0,0,0,0,0,0,0
2026-07-04T14:06:47Z,48788,1360940,4065812480,16535232512,16783314689,9205738643,14212563,998,0,997,0,0,0,0,0,0,0
2026-07-04T14:11:48Z,49376,1360940,4124676096,16476368896,16842177327,9239112851,14262418,998,0,991,0,0,0,0,0,0,0
2026-07-04T14:16:50Z,49788,1360940,4183674880,16417370112,16901215256,9272708243,14312417,995,0,992,0,0,0,0,0,0,0
2026-07-04T14:21:51Z,48928,1360940,4242665472,16358379520,16960198298,9306197139,14362366,998,0,998,0,0,0,0,0,0,0
2026-07-04T14:26:52Z,49288,1360940,4301692928,16299352064,17019224870,9339923603,14412350,998,0,994,0,0,0,0,0,0,0
2026-07-04T14:31:54Z,48856,1360940,4360589312,16240455680,17078119230,9373518995,14462223,998,0,997,0,0,0,0,0,0,0
2026-07-04T14:36:55Z,48816,1360940,4419502080,16181542912,17137029374,9407155347,14512116,998,0,997,0,0,0,0,0,0,0
2026-07-04T14:41:56Z,50148,1360940,4478500864,16122544128,17196022555,9440717971,14562077,999,0,996,0,0,0,0,0,0,0
2026-07-04T14:46:57Z,48908,1360940,4537397248,16063647744,17254918708,9474239635,14611949,999,0,993,0,0,0,0,0,0,0
2026-07-04T14:51:59Z,48888,1360940,4596445184,16004599808,17313963279,9507777683,14661961,999,0,999,0,0,0,0,0,0,0
2026-07-04T14:57:00Z,48936,1360940,4655448064,15945596928,17372967522,9541258387,14711932,999,0,996,0,0,0,0,0,0,0
2026-07-04T15:02:01Z,48972,1360940,4714332160,15886712832,17431840799,9574583443,14761790,997,0,994,0,0,0,0,0,0,0
2026-07-04T15:07:03Z,49596,1360940,4773343232,15827701760,17490852391,9608219795,14811759,993,0,991,0,0,0,0,0,0,0
2026-07-04T15:12:04Z,49512,1360940,4832301056,15768743936,17549804449,9641790611,14861682,995,0,994,0,0,0,0,0,0,0
2026-07-04T15:17:06Z,49548,1360940,4891308032,15709736960,17608812050,9675467923,14911648,998,0,994,0,0,0,0,0,0,0
2026-07-04T15:22:07Z,48980,1360940,4950286336,15650758656,17667785787,9708866707,14961597,999,0,996,0,0,0,0,0,0,0
2026-07-04T15:27:08Z,50208,1360940,5009301504,15591743488,17726799879,9742167187,15011578,998,0,996,0,0,0,0,0,0,0
2026-07-04T15:32:10Z,49080,1360940,5068300288,15532744704,17785788583,9775598739,15061528,996,0,995,0,0,0,0,0,0,0
2026-07-04T15:37:11Z,49084,1360940,5127282688,15473762304,17844771293,9810291859,15111471,999,0,998,0,0,0,0,0,0,0
2026-07-04T15:42:12Z,49192,1360940,5186162688,15414882304,17903648192,9843281043,15161340,999,0,998,0,0,0,0,0,0,0
2026-07-04T15:47:14Z,49116,1360940,5245198336,15355846656,17962679151,9876769939,15211321,995,0,991,0,0,0,0,0,0,0
2026-07-04T15:52:15Z,49432,1360940,5304315904,15296729088,18021794640,9910357139,15261382,999,0,997,0,0,0,0,0,0,0
2026-07-04T15:57:17Z,49520,1360940,5363425280,15237619712,18080899116,9943927955,15311441,993,0,991,0,0,0,0,0,0,0
2026-07-04T16:02:18Z,48984,1360940,5422383104,15178661888,18139855693,9977416851,15361364,995,0,993,0,0,0,0,0,0,0
2026-07-04T16:07:20Z,49132,1360940,5481488384,15119556608,18198952684,10011143315,15411407,997,0,993,0,0,0,0,0,0,0
2026-07-04T16:12:21Z,49600,1360940,5540315136,15060729856,18257777766,10044484755,15461232,996,0,994,0,0,0,0,0,0,0
2026-07-04T16:17:23Z,48872,1360940,5599383552,15001661440,18316843371,10077908115,15511244,996,0,994,0,0,0,0,0,0,0
2026-07-04T16:22:24Z,49708,1360940,5658443776,14942601216,18375904271,10111585427,15561266,998,0,995,0,0,0,0,0,0,0
2026-07-04T16:27:26Z,49000,1360940,5717422080,14883622912,18434873010,10145451155,15611201,999,0,998,0,0,0,0,0,0,0
2026-07-04T16:32:27Z,49072,1360940,5776363520,14824681472,18493816529,10179005587,15661118,994,0,990,0,0,0,0,0,0,0
2026-07-04T16:37:29Z,49216,1360940,5835403264,14765641728,18552849931,10212519059,15711113,998,0,994,0,0,0,0,0,0,0
2026-07-04T16:42:30Z,48912,1360940,5894393856,14706651136,18611842695,10246384787,15761070,997,0,995,0,0,0,0,0,0,0
2026-07-04T16:47:31Z,48868,1360940,5953474560,14647570432,18670918519,10280340627,15811102,996,0,990,0,0,0,0,0,0,0
2026-07-04T16:52:34Z,49516,1360940,6012563456,14588481536,18730008434,10314099859,15861140,993,0,993,0,0,0,0,0,0,0
2026-07-04T16:57:36Z,49260,1360940,6071660544,14529384448,18789096049,10347646099,15911182,997,0,995,0,0,0,0,0,0,0
2026-07-04T17:02:37Z,48080,1360940,6130528256,14470516736,18847962259,10381102227,15961031,998,0,997,0,0,0,0,0,0,0
2026-07-04T17:07:39Z,50880,1360940,6189674496,14411370496,18907105075,10414574739,16011121,998,0,995,0,0,0,0,0,0,0
2026-07-04T17:12:41Z,49160,1360940,6248648704,14352396288,18966078476,10448268435,16061062,991,0,991,0,0,0,0,0,0,0
2026-07-04T17:17:43Z,50776,1360940,6307672064,14293372928,19025095164,10481953939,16111038,998,0,996,0,0,0,0,0,0,0
2026-07-04T17:22:44Z,51716,1360940,6366752768,14234292224,19084174395,10515664019,16161074,999,0,996,0,0,0,0,0,0,0
2026-07-04T17:27:46Z,48792,1360940,6425735168,14175309824,19143158657,10549382291,16211014,994,0,993,0,0,0,0,0,0,0
2026-07-04T17:32:48Z,48944,1360940,6484774912,14116270080,19202195410,10581691539,16261012,998,0,994,0,0,0,0,0,0,0
2026-07-04T17:37:49Z,49416,1360940,6543704064,14057340928,19261117826,10616343699,16310922,995,0,990,0,0,0,0,0,0,0
2026-07-04T17:42:51Z,49492,1360940,6602788864,13998256128,19320197285,10649988243,16360948,997,0,997,0,0,0,0,0,0,0
2026-07-04T17:47:53Z,49196,1360940,6661984256,13939060736,19379396012,10683657363,16411074,994,0,988,0,0,0,0,0,0,0
2026-07-04T17:52:54Z,48844,1360940,6721015808,13880029184,19438419051,10717752467,16461063,997,0,996,0,0,0,0,0,0,0
2026-07-04T17:57:56Z,49128,1360940,6780043264,13821001728,19497446239,10751331475,16511052,997,0,995,0,0,0,0,0,0,0
2026-07-04T18:02:58Z,49188,1360940,6839136256,13761908736,19556532339,10785377427,16561086,994,0,990,0,0,0,0,0,0,0
2026-07-04T18:08:00Z,49024,1360940,6898216960,13702828032,19615609731,10819300499,16611120,997,0,994,0,0,0,0,0,0,0
2026-07-04T18:13:02Z,49172,1360940,6957248512,13643796480,19674637510,10852920467,16661114,995,0,994,0,0,0,0,0,0,0
2026-07-04T18:18:04Z,49200,1360940,7016394752,13584650240,19733781218,10887277715,16711197,999,0,993,0,0,0,0,0,0,0
2026-07-04T18:23:06Z,48924,1360940,7075561472,13525483520,19792943197,10921110675,16761299,998,0,996,0,0,0,0,0,0,0
2026-07-04T18:28:10Z,49216,1360940,7135195136,13465849856,19852579654,10954886291,16811799,998,0,993,0,0,0,0,0,0,0
2026-07-04T18:33:15Z,50044,1360940,7194914816,13406130176,19912292516,10981117075,16862366,998,0,994,0,0,0,0,0,0,0
2026-07-04T18:38:16Z,49384,1360940,7253868544,13347176448,19971245565,10992872595,16912283,998,0,996,0,0,0,0,0,0,0
2026-07-04T18:43:18Z,49364,1360940,7312932864,13288112128,20030304214,11004202131,16962300,991,0,989,0,0,0,0,0,0,0
2026-07-04T18:48:20Z,49908,1360940,7372066816,13228978176,20089437749,11014679699,17012378,999,0,997,0,0,0,0,0,0,0
2026-07-04T18:53:22Z,50804,1360940,7431127040,13169917952,20148495947,11029097619,17062390,1000,0,998,0,0,0,0,0,0,0
2026-07-04T18:58:24Z,49332,1360940,7490174976,13110870016,20207540641,11060767891,17112389,997,0,997,0,0,0,0,0,0,0
2026-07-04T19:03:25Z,48420,1360940,7549272064,13051772928,20266637293,11093937299,17162434,998,0,998,0,0,0,0,0,0,0
2026-07-04T19:08:27Z,52496,1360940,7608315904,12992729088,20325671619,11126525075,17212430,999,0,996,0,0,0,0,0,0,0
2026-07-04T19:13:28Z,49540,1360940,7667236864,12933808128,20384596104,11159702675,17262327,1000,0,999,0,0,0,0,0,0,0
2026-07-04T19:18:30Z,49468,1360940,7726170112,12874874880,20443522007,11192741011,17312233,997,0,994,0,0,0,0,0,0,0
2026-07-04T19:23:31Z,48852,1360940,7785156608,12815888384,20502508877,11226401939,17362188,998,0,997,0,0,0,0,0,0,0
2026-07-04T19:28:32Z,49852,1360940,7844175872,12756869120,20561521240,11260251283,17412168,997,0,995,0,0,0,0,0,0,0
2026-07-04T19:33:34Z,48864,1360940,7903244288,12697800704,20620592027,11294010515,17462187,995,0,995,0,0,0,0,0,0,0
2026-07-04T19:38:35Z,50292,1360940,7962308608,12638736384,20679647317,11327835283,17512204,995,0,994,0,0,0,0,0,0,0
2026-07-04T19:43:37Z,49564,1360940,8021311488,12579733504,20738650345,11361594515,17562167,997,0,995,0,0,0,0,0,0,0
2026-07-04T19:48:38Z,49360,1360940,8080408576,12520636416,20797736155,11395263635,17612197,997,0,995,0,0,0,0,0,0,0
2026-07-04T19:53:40Z,49264,1360940,8139304960,12461740032,20856633667,11428891795,17662082,996,0,996,0,0,0,0,0,0,0
2026-07-04T19:58:41Z,49808,1360940,8198332416,12402712576,20915662690,11462569107,17712069,998,0,997,0,0,0,0,0,0,0
2026-07-04T20:03:43Z,49752,1360940,8257331200,12343713792,20974658567,11495910547,17762027,996,0,992,0,0,0,0,0,0,0
2026-07-04T20:08:44Z,49416,1360940,8316260352,12284784640,21033585044,11529407635,17811937,996,0,995,0,0,0,0,0,0,0
2026-07-04T20:13:46Z,51044,1360940,8375361536,12225683456,21092681233,11563175059,17861992,999,0,999,0,0,0,0,0,0,0
2026-07-04T20:18:47Z,49460,1360940,8416370688,12184674304,21133690081,11586710675,17896694,999,0,998,0,0,0,0,0,0,0
2026-07-04T20:23:49Z,42588,1360940,8416374784,12184670208,21133690081,11586710675,17896694,999,0,998,0,0,0,0,0,0,0
